subject_id,session_id,muscle,arm,rep_number,rms,mav,wl,zc,ssc,n_samples,data_quality,label,fatigue_level,label_type,load_kg,sex,age,weight_kg,height_m,workouts_per_week,modality,dataset
Suj_1,Suj_1_B1,Bicep,1,1,60.47971527376728,41.36767676767677,26704.0,188,300,990,valid,0.0,0,rep_ordinal_proxy,10.0,M,23.0,72.0,1.75,3.0,emg,mendeley_emg_biceps_triceps
Suj_1,Suj_1_B1,Bicep,1,2,60.80903172244741,39.83845278725825,22605.0,150,269,879,valid,0.3333333333333333,0,rep_ordinal_proxy,10.0,M,23.0,72.0,1.75,3.0,emg,mendeley_emg_biceps_triceps
Suj_1,Suj_1_B1,Bicep,1,3,54.65759957672274,35.91702127659575,20896.0,154,276,940,valid,0.6666666666666666,1,rep_ordinal_proxy,10.0,M,23.0,72.0,1.75,3.0,emg,mendeley_emg_biceps_triceps
Suj_1,Suj_1_B1,Bicep,1,4,56.09885377927821,36.2046511627907,20273.0,140,238,860,valid,1.0,2,rep_ordinal_proxy,10.0,M,23.0,72.0,1.75,3.0,emg,mendeley_emg_biceps_triceps
Suj_1,Suj_1_B2,Bicep,2,1,40.011304768575336,27.214854111405835,14261.0,143,235,754,valid,0.0,0,rep_ordinal_proxy,,,,,,,emg,mendeley_emg_biceps_triceps
Suj_1,Suj_1_B2,Bicep,2,2,43.85080514242532,29.643705463182897,16121.0,139,244,842,valid,0.3333333333333333,0,rep_ordinal_proxy,,,,,,,emg,mendeley_emg_biceps_triceps
Suj_1,Suj_1_B2,Bicep,2,3,43.164749387031705,29.993288590604028,21349.0,185,316,1043,valid,0.6666666666666666,1,rep_ordinal_proxy,,,,,,,emg,mendeley_emg_biceps_triceps
Suj_1,Suj_1_B2,Bicep,2,4,40.331528521071874,27.9696734059098,23993.0,213,346,1286,valid,1.0,2,rep_ordinal_proxy,,,,,,,emg,mendeley_emg_biceps_triceps
Suj_2,Suj_2_B1,Bicep,1,1,44.79678816534311,30.330029732408324,21206.0,173,304,1009,valid,0.0,0,rep_ordinal_proxy,7.5,M,26.0,68.0,1.74,4.0,emg,mendeley_emg_biceps_triceps
Suj_2,Suj_2_B1,Bicep,1,2,58.41177118751493,38.00928381962865,19158.0,143,231,754,valid,0.3333333333333333,0,rep_ordinal_proxy,7.5,M,26.0,68.0,1.74,4.0,emg,mendeley_emg_biceps_triceps
Suj_2,Suj_2_B1,Bicep,1,3,59.377754236365156,37.20086862106406,21768.0,158,266,921,valid,0.6666666666666666,1,rep_ordinal_proxy,7.5,M,26.0,68.0,1.74,4.0,emg,mendeley_emg_biceps_triceps
Suj_2,Suj_2_B1,Bicep,1,4,59.77409542318588,40.94248366013072,18733.0,127,208,765,valid,1.0,2,rep_ordinal_proxy,7.5,M,26.0,68.0,1.74,4.0,emg,mendeley_emg_biceps_triceps
Suj_2,Suj_2_B2,Bicep,2,1,51.858464114359386,35.471471471471475,15989.0,119,193,666,valid,0.0,0,rep_ordinal_proxy,,,,,,,emg,mendeley_emg_biceps_triceps
Suj_2,Suj_2_B2,Bicep,2,2,53.07330534722281,35.41043723554302,15519.0,109,214,709,valid,0.3333333333333333,0,rep_ordinal_proxy,,,,,,,emg,mendeley_emg_biceps_triceps
Suj_2,Suj_2_B2,Bicep,2,3,42.85180219865744,30.117100371747213,21334.0,175,304,1076,valid,0.6666666666666666,1,rep_ordinal_proxy,,,,,,,emg,mendeley_emg_biceps_triceps
Suj_2,Suj_2_B2,Bicep,2,4,53.10828772954283,36.793984962406014,33992.0,239,399,1330,valid,1.0,2,rep_ordinal_proxy,,,,,,,emg,mendeley_emg_biceps_triceps
Suj_3,Suj_3_B1,Bicep,1,1,15.476111269956679,10.96693386773547,7181.0,152,340,998,valid,0.0,0,rep_ordinal_proxy,3.0,F,25.0,75.0,1.68,3.0,emg,mendeley_emg_biceps_triceps
Suj_3,Suj_3_B1,Bicep,1,2,16.951696080333672,12.016,7437.0,157,305,875,valid,0.3333333333333333,0,rep_ordinal_proxy,3.0,F,25.0,75.0,1.68,3.0,emg,mendeley_emg_biceps_triceps
Suj_3,Suj_3_B1,Bicep,1,3,14.299238024890892,10.542196531791907,6224.0,136,298,865,valid,0.6666666666666666,1,rep_ordinal_proxy,3.0,F,25.0,75.0,1.68,3.0,emg,mendeley_emg_biceps_triceps
Suj_3,Suj_3_B1,Bicep,1,4,18.397368912370656,12.909738717339668,7126.0,144,276,842,valid,1.0,2,rep_ordinal_proxy,3.0,F,25.0,75.0,1.68,3.0,emg,mendeley_emg_biceps_triceps
Suj_3,Suj_3_B2,Bicep,2,1,21.6469456940155,14.862464183381089,7409.0,115,227,698,valid,0.0,0,rep_ordinal_proxy,,,,,,,emg,mendeley_emg_biceps_triceps
Suj_3,Suj_3_B2,Bicep,2,2,26.461281321169054,17.90989660265879,7909.0,111,208,677,valid,0.3333333333333333,0,rep_ordinal_proxy,,,,,,,emg,mendeley_emg_biceps_triceps
Suj_3,Suj_3_B2,Bicep,2,3,29.85877396978522,20.02468085106383,16633.0,215,376,1175,valid,0.6666666666666666,1,rep_ordinal_proxy,,,,,,,emg,mendeley_emg_biceps_triceps
Suj_3,Suj_3_B2,Bicep,2,4,31.25776651457482,20.838211382113823,17948.0,226,357,1230,valid,1.0,2,rep_ordinal_proxy,,,,,,,emg,mendeley_emg_biceps_triceps
Suj_4,Suj_4_B1,Bicep,1,1,12.720900504914653,9.13762486126526,5576.0,147,302,901,valid,0.0,0,rep_ordinal_proxy,3.0,F,27.0,67.0,1.64,3.0,emg,mendeley_emg_biceps_triceps
Suj_4,Suj_4_B1,Bicep,1,2,12.590970181859774,9.12289156626506,5165.0,133,258,830,valid,0.3333333333333333,0,rep_ordinal_proxy,3.0,F,27.0,67.0,1.64,3.0,emg,mendeley_emg_biceps_triceps
Suj_4,Suj_4_B1,Bicep,1,3,12.822669897854835,9.07074340527578,5409.0,157,285,834,valid,0.6666666666666666,1,rep_ordinal_proxy,3.0,F,27.0,67.0,1.64,3.0,emg,mendeley_emg_biceps_triceps
Suj_4,Suj_4_B1,Bicep,1,4,14.855590910996401,10.732410611303346,6461.0,149,267,867,valid,1.0,2,rep_ordinal_proxy,3.0,F,27.0,67.0,1.64,3.0,emg,mendeley_emg_biceps_triceps
Suj_4,Suj_4_B2,Bicep,2,1,29.613846982625677,19.448160535117058,8429.0,108,173,598,valid,0.0,0,rep_ordinal_proxy,,,,,,,emg,mendeley_emg_biceps_triceps
Suj_4,Suj_4_B2,Bicep,2,2,32.04567215744103,21.424410540915396,10334.0,123,230,721,valid,0.3333333333333333,0,rep_ordinal_proxy,,,,,,,emg,mendeley_emg_biceps_triceps
Suj_4,Suj_4_B2,Bicep,2,3,39.078749463440104,26.25345247766044,20972.0,214,344,1231,valid,0.6666666666666666,1,rep_ordinal_proxy,,,,,,,emg,mendeley_emg_biceps_triceps
Suj_4,Suj_4_B2,Bicep,2,4,37.9306269328886,24.163454124903623,21539.0,206,387,1297,valid,1.0,2,rep_ordinal_proxy,,,,,,,emg,mendeley_emg_biceps_triceps
Suj_5,Suj_5_B1,Bicep,1,1,27.35681986022202,18.55299055613851,12003.0,175,287,953,valid,0.0,0,rep_ordinal_proxy,5.5,M,20.0,72.0,1.72,4.0,emg,mendeley_emg_biceps_triceps
Suj_5,Suj_5_B1,Bicep,1,2,34.1973995807376,22.742761692650333,13841.0,164,283,898,valid,0.3333333333333333,0,rep_ordinal_proxy,5.5,M,20.0,72.0,1.72,4.0,emg,mendeley_emg_biceps_triceps
Suj_5,Suj_5_B1,Bicep,1,3,41.41861724081231,29.600741656365884,15942.0,154,242,809,valid,0.6666666666666666,1,rep_ordinal_proxy,5.5,M,20.0,72.0,1.72,4.0,emg,mendeley_emg_biceps_triceps
Suj_5,Suj_5_B1,Bicep,1,4,47.512985238077455,32.47727272727273,26161.0,208,366,1232,valid,1.0,2,rep_ordinal_proxy,5.5,M,20.0,72.0,1.72,4.0,emg,mendeley_emg_biceps_triceps
Suj_5,Suj_5_B2,Bicep,2,1,37.289235792882536,24.836676217765042,12919.0,135,215,698,valid,0.0,0,rep_ordinal_proxy,,,,,,,emg,mendeley_emg_biceps_triceps
Suj_5,Suj_5_B2,Bicep,2,2,39.84604936845338,27.131147540983605,13818.0,122,198,732,valid,0.3333333333333333,0,rep_ordinal_proxy,,,,,,,emg,mendeley_emg_biceps_triceps
Suj_5,Suj_5_B2,Bicep,2,3,38.439562952770416,26.32,24262.0,238,396,1300,valid,0.6666666666666666,1,rep_ordinal_proxy,,,,,,,emg,mendeley_emg_biceps_triceps
Suj_5,Suj_5_B2,Bicep,2,4,40.22029754812097,26.666448659254414,27329.0,269,471,1529,valid,1.0,2,rep_ordinal_proxy,,,,,,,emg,mendeley_emg_biceps_triceps
Suj_6,Suj_6_B1,Bicep,1,1,31.123828217731013,21.146341463414632,11497.0,150,247,820,valid,0.0,0,rep_ordinal_proxy,6.5,M,19.0,75.0,1.75,4.0,emg,mendeley_emg_biceps_triceps
Suj_6,Suj_6_B1,Bicep,1,2,31.911039359282718,23.262886597938145,12027.0,136,223,776,valid,0.3333333333333333,0,rep_ordinal_proxy,6.5,M,19.0,75.0,1.75,4.0,emg,mendeley_emg_biceps_triceps
Suj_6,Suj_6_B1,Bicep,1,3,34.090268482790776,23.722875816993465,12983.0,128,225,765,valid,0.6666666666666666,1,rep_ordinal_proxy,6.5,M,19.0,75.0,1.75,4.0,emg,mendeley_emg_biceps_triceps
Suj_6,Suj_6_B1,Bicep,1,4,36.46252915067917,24.892785571142284,16946.0,186,311,998,valid,1.0,2,rep_ordinal_proxy,6.5,M,19.0,75.0,1.75,4.0,emg,mendeley_emg_biceps_triceps
Suj_6,Suj_6_B2,Bicep,2,1,37.50901953386349,25.207474226804123,13055.0,125,255,776,valid,0.0,0,rep_ordinal_proxy,,,,,,,emg,mendeley_emg_biceps_triceps
Suj_6,Suj_6_B2,Bicep,2,2,41.52914709140479,28.079941860465116,12876.0,112,218,688,valid,0.3333333333333333,0,rep_ordinal_proxy,,,,,,,emg,mendeley_emg_biceps_triceps
Suj_6,Suj_6_B2,Bicep,2,3,41.0019091918541,28.4844262295082,23732.0,236,366,1220,valid,0.6666666666666666,1,rep_ordinal_proxy,,,,,,,emg,mendeley_emg_biceps_triceps
Suj_6,Suj_6_B2,Bicep,2,4,43.248040085603954,30.94408945686901,25860.0,232,383,1252,valid,1.0,2,rep_ordinal_proxy,,,,,,,emg,mendeley_emg_biceps_triceps
Suj_7,Suj_7_B1,Bicep,1,1,61.61435218406283,42.67901234567901,23478.0,157,239,810,valid,0.0,0,rep_ordinal_proxy,11.2,M,21.0,68.0,1.75,5.0,emg,mendeley_emg_biceps_triceps
Suj_7,Suj_7_B1,Bicep,1,2,68.48460567971996,48.669950738916256,20809.0,120,204,609,valid,0.3333333333333333,0,rep_ordinal_proxy,11.2,M,21.0,68.0,1.75,5.0,emg,mendeley_emg_biceps_triceps
Suj_7,Suj_7_B1,Bicep,1,3,63.085109529500464,42.94706723891273,19405.0,126,220,699,valid,0.6666666666666666,1,rep_ordinal_proxy,11.2,M,21.0,68.0,1.75,5.0,emg,mendeley_emg_biceps_triceps
Suj_7,Suj_7_B1,Bicep,1,4,57.73966289203701,38.92246835443038,16261.0,112,190,632,valid,1.0,2,rep_ordinal_proxy,11.2,M,21.0,68.0,1.75,5.0,emg,mendeley_emg_biceps_triceps
Suj_7,Suj_7_B2,Bicep,2,1,44.946374869231725,30.269183922046285,16067.0,131,237,821,valid,0.0,0,rep_ordinal_proxy,,,,,,,emg,mendeley_emg_biceps_triceps
Suj_7,Suj_7_B2,Bicep,2,2,43.00342471033095,28.156769596199524,15744.0,133,252,842,valid,0.3333333333333333,0,rep_ordinal_proxy,,,,,,,emg,mendeley_emg_biceps_triceps
Suj_7,Suj_7_B2,Bicep,2,3,37.976463174359644,26.709339774557165,21369.0,215,355,1242,valid,0.6666666666666666,1,rep_ordinal_proxy,,,,,,,emg,mendeley_emg_biceps_triceps
Suj_7,Suj_7_B2,Bicep,2,4,39.38405597109444,28.041062801932366,23180.0,208,381,1242,valid,1.0,2,rep_ordinal_proxy,,,,,,,emg,mendeley_emg_biceps_triceps
Suj_8,Suj_8_B1,Bicep,1,1,60.73408748226847,42.70283806343907,16782.0,110,212,599,valid,0.0,0,rep_ordinal_proxy,15.0,M,22.0,68.0,1.72,4.0,emg,mendeley_emg_biceps_triceps
Suj_8,Suj_8_B1,Bicep,1,2,55.306632580795004,38.354111405835546,19187.0,141,230,754,valid,0.3333333333333333,0,rep_ordinal_proxy,15.0,M,22.0,68.0,1.72,4.0,emg,mendeley_emg_biceps_triceps
Suj_8,Suj_8_B1,Bicep,1,3,54.4452415489468,35.79889042995839,14660.0,105,204,721,valid,0.6666666666666666,1,rep_ordinal_proxy,15.0,M,22.0,68.0,1.72,4.0,emg,mendeley_emg_biceps_triceps
Suj_8,Suj_8_B1,Bicep,1,4,48.22962604091747,32.83806343906511,12456.0,90,168,599,valid,1.0,2,rep_ordinal_proxy,15.0,M,22.0,68.0,1.72,4.0,emg,mendeley_emg_biceps_triceps
Suj_8,Suj_8_B2,Bicep,2,1,33.17980114834975,23.424403183023873,11037.0,115,213,754,valid,0.0,0,rep_ordinal_proxy,,,,,,,emg,mendeley_emg_biceps_triceps
Suj_8,Suj_8_B2,Bicep,2,2,32.8029602281014,23.36388508891929,10642.0,112,219,731,valid,0.3333333333333333,0,rep_ordinal_proxy,,,,,,,emg,mendeley_emg_biceps_triceps
Suj_8,Suj_8_B2,Bicep,2,3,34.12762256143157,23.08113035551504,16883.0,205,349,1097,valid,0.6666666666666666,1,rep_ordinal_proxy,,,,,,,emg,mendeley_emg_biceps_triceps
Suj_8,Suj_8_B2,Bicep,2,4,38.13326161011724,27.868717948717947,18235.0,171,293,975,valid,1.0,2,rep_ordinal_proxy,,,,,,,emg,mendeley_emg_biceps_triceps
Suj_9,Suj_9_B1,Bicep,1,1,21.57590126687163,15.293405114401077,8115.0,141,249,743,valid,0.0,0,rep_ordinal_proxy,5.0,M,17.0,71.0,1.74,5.0,emg,mendeley_emg_biceps_triceps
Suj_9,Suj_9_B1,Bicep,1,2,26.850022664043312,18.21359223300971,9502.0,140,234,721,valid,0.3333333333333333,0,rep_ordinal_proxy,5.0,M,17.0,71.0,1.74,5.0,emg,mendeley_emg_biceps_triceps
Suj_9,Suj_9_B1,Bicep,1,3,35.805752506661634,24.562841530054644,12384.0,131,224,732,valid,0.6666666666666666,1,rep_ordinal_proxy,5.0,M,17.0,71.0,1.74,5.0,emg,mendeley_emg_biceps_triceps
Suj_9,Suj_9_B1,Bicep,1,4,32.220456904539,21.469607843137254,15497.0,195,317,1020,valid,1.0,2,rep_ordinal_proxy,5.0,M,17.0,71.0,1.74,5.0,emg,mendeley_emg_biceps_triceps
Suj_9,Suj_9_B2,Bicep,2,1,48.89097991738483,34.06499261447563,15091.0,129,189,677,valid,0.0,0,rep_ordinal_proxy,,,,,,,emg,mendeley_emg_biceps_triceps
Suj_9,Suj_9_B2,Bicep,2,2,52.830538595565805,36.490701001430615,16752.0,125,224,699,valid,0.3333333333333333,0,rep_ordinal_proxy,,,,,,,emg,mendeley_emg_biceps_triceps
Suj_9,Suj_9_B2,Bicep,2,3,47.425138324982726,33.48717948717949,28476.0,240,359,1287,valid,0.6666666666666666,1,rep_ordinal_proxy,,,,,,,emg,mendeley_emg_biceps_triceps
Suj_9,Suj_9_B2,Bicep,2,4,45.89605476658375,32.695686274509804,28728.0,227,388,1275,valid,1.0,2,rep_ordinal_proxy,,,,,,,emg,mendeley_emg_biceps_triceps
Suj_10,Suj_10_B1,Bicep,1,1,39.20765231431232,27.685714285714287,12598.0,129,193,700,valid,0.0,0,rep_ordinal_proxy,7.5,M,19.0,78.0,1.69,3.0,emg,mendeley_emg_biceps_triceps
Suj_10,Suj_10_B1,Bicep,1,2,36.446447032958645,27.176392572944298,13752.0,142,242,754,valid,0.3333333333333333,0,rep_ordinal_proxy,7.5,M,19.0,78.0,1.69,3.0,emg,mendeley_emg_biceps_triceps
Suj_10,Suj_10_B1,Bicep,1,3,39.6750997115055,28.0,13505.0,134,218,687,valid,0.6666666666666666,1,rep_ordinal_proxy,7.5,M,19.0,78.0,1.69,3.0,emg,mendeley_emg_biceps_triceps
Suj_10,Suj_10_B1,Bicep,1,4,31.72553917690878,22.968852459016393,9875.0,120,196,610,valid,1.0,2,rep_ordinal_proxy,7.5,M,19.0,78.0,1.69,3.0,emg,mendeley_emg_biceps_triceps
Suj_10,Suj_10_B2,Bicep,2,1,47.75923666732042,33.11644832605531,14867.0,119,205,687,valid,0.0,0,rep_ordinal_proxy,,,,,,,emg,mendeley_emg_biceps_triceps
Suj_10,Suj_10_B2,Bicep,2,2,45.741198797603246,31.373546511627907,15217.0,125,187,688,valid,0.3333333333333333,0,rep_ordinal_proxy,,,,,,,emg,mendeley_emg_biceps_triceps
Suj_10,Suj_10_B2,Bicep,2,3,45.22219085199815,31.541090909090908,29934.0,254,433,1375,valid,0.6666666666666666,1,rep_ordinal_proxy,,,,,,,emg,mendeley_emg_biceps_triceps
Suj_10,Suj_10_B2,Bicep,2,4,40.664026972529925,28.267099056603772,31892.0,294,503,1696,valid,1.0,2,rep_ordinal_proxy,,,,,,,emg,mendeley_emg_biceps_triceps
Suj_11,Suj_11_B1,Bicep,1,1,64.31852471879041,43.360628618693134,34643.0,208,335,1209,valid,0.0,0,rep_ordinal_proxy,7.5,M,25.0,78.0,1.8,3.0,emg,mendeley_emg_biceps_triceps
Suj_11,Suj_11_B1,Bicep,1,2,61.42888563914846,42.17465753424658,23732.0,135,262,876,valid,0.3333333333333333,0,rep_ordinal_proxy,7.5,M,25.0,78.0,1.8,3.0,emg,mendeley_emg_biceps_triceps
Suj_11,Suj_11_B1,Bicep,1,3,69.18096400272853,45.994219653179194,25682.0,142,267,865,valid,0.6666666666666666,1,rep_ordinal_proxy,7.5,M,25.0,78.0,1.8,3.0,emg,mendeley_emg_biceps_triceps
Suj_11,Suj_11_B1,Bicep,1,4,68.23876660881763,47.702439024390245,24191.0,136,245,820,valid,1.0,2,rep_ordinal_proxy,7.5,M,25.0,78.0,1.8,3.0,emg,mendeley_emg_biceps_triceps
Suj_11,Suj_11_B2,Bicep,2,1,51.022516302229945,34.176886792452834,19858.0,166,302,848,valid,0.0,0,rep_ordinal_proxy,,,,,,,emg,mendeley_emg_biceps_triceps
Suj_11,Suj_11_B2,Bicep,2,2,67.05628092371926,45.181603773584904,22962.0,140,257,848,valid,0.3333333333333333,0,rep_ordinal_proxy,,,,,,,emg,mendeley_emg_biceps_triceps
Suj_11,Suj_11_B2,Bicep,2,3,61.29602517865822,41.81831831831832,17467.0,111,198,666,valid,0.6666666666666666,1,rep_ordinal_proxy,,,,,,,emg,mendeley_emg_biceps_triceps
Suj_11,Suj_11_B2,Bicep,2,4,59.5195920805261,41.950127877237854,22496.0,152,265,782,valid,1.0,2,rep_ordinal_proxy,,,,,,,emg,mendeley_emg_biceps_triceps
Suj_12,Suj_12_B1,Bicep,1,1,31.846231264615422,21.24161735700197,14418.0,165,303,1014,valid,0.0,0,rep_ordinal_proxy,6.0,M,20.0,72.0,1.75,3.0,emg,mendeley_emg_biceps_triceps
Suj_12,Suj_12_B1,Bicep,1,2,36.956464868362374,22.314285714285713,15013.0,160,296,1015,valid,0.3333333333333333,0,rep_ordinal_proxy,6.0,M,20.0,72.0,1.75,3.0,emg,mendeley_emg_biceps_triceps
Suj_12,Suj_12_B1,Bicep,1,3,38.207935189897526,25.631830601092897,24357.0,237,446,1464,valid,0.6666666666666666,1,rep_ordinal_proxy,6.0,M,20.0,72.0,1.75,3.0,emg,mendeley_emg_biceps_triceps
Suj_12,Suj_12_B1,Bicep,1,4,35.02977851077082,23.172814207650273,21986.0,246,400,1464,valid,1.0,2,rep_ordinal_proxy,6.0,M,20.0,72.0,1.75,3.0,emg,mendeley_emg_biceps_triceps
Suj_12,Suj_12_B2,Bicep,2,1,34.12392210877637,22.609442060085836,14880.0,158,305,932,valid,0.0,0,rep_ordinal_proxy,,,,,,,emg,mendeley_emg_biceps_triceps
Suj_12,Suj_12_B2,Bicep,2,2,27.852077218143037,18.790934320074005,13620.0,172,328,1081,valid,0.3333333333333333,0,rep_ordinal_proxy,,,,,,,emg,mendeley_emg_biceps_triceps
Suj_12,Suj_12_B2,Bicep,2,3,29.492926115002234,18.814957594448728,17152.0,242,439,1297,valid,0.6666666666666666,1,rep_ordinal_proxy,,,,,,,emg,mendeley_emg_biceps_triceps
Suj_12,Suj_12_B2,Bicep,2,4,27.189286390593413,17.939876215738284,13842.0,187,387,1131,valid,1.0,2,rep_ordinal_proxy,,,,,,,emg,mendeley_emg_biceps_triceps
Suj_13,Suj_13_B1,Bicep,1,1,49.150134483293314,34.54607768469155,31814.0,257,426,1313,valid,0.0,0,rep_ordinal_proxy,10.0,M,19.0,79.0,1.82,3.0,emg,mendeley_emg_biceps_triceps
Suj_13,Suj_13_B1,Bicep,1,2,56.90141160113548,41.106014271151885,28355.0,197,316,981,valid,0.3333333333333333,0,rep_ordinal_proxy,10.0,M,19.0,79.0,1.82,3.0,emg,mendeley_emg_biceps_triceps
Suj_13,Suj_13_B1,Bicep,1,3,57.53531876271039,41.06246317030053,45054.0,292,539,1697,valid,0.6666666666666666,1,rep_ordinal_proxy,10.0,M,19.0,79.0,1.82,3.0,emg,mendeley_emg_biceps_triceps
Suj_13,Suj_13_B1,Bicep,1,4,44.919569343988854,30.927512355848435,26799.0,226,396,1214,valid,1.0,2,rep_ordinal_proxy,10.0,M,19.0,79.0,1.82,3.0,emg,mendeley_emg_biceps_triceps
Suj_13,Suj_13_B2,Bicep,2,1,54.91219367004979,39.71320182094082,37743.0,268,435,1318,valid,0.0,0,rep_ordinal_proxy,,,,,,,emg,mendeley_emg_biceps_triceps
Suj_13,Suj_13_B2,Bicep,2,2,56.52865857692299,38.96645569620253,39364.0,280,501,1580,valid,0.3333333333333333,0,rep_ordinal_proxy,,,,,,,emg,mendeley_emg_biceps_triceps
Suj_13,Suj_13_B2,Bicep,2,3,45.7420832168205,32.29194187582563,32944.0,269,515,1514,valid,0.6666666666666666,1,rep_ordinal_proxy,,,,,,,emg,mendeley_emg_biceps_triceps
Suj_13,Suj_13_B2,Bicep,2,4,45.80114685542765,31.71613394216134,29182.0,237,411,1314,valid,1.0,2,rep_ordinal_proxy,,,,,,,emg,mendeley_emg_biceps_triceps
Suj_14,Suj_14_B1,Bicep,1,1,43.439365280979445,29.210053859964095,21706.0,185,332,1114,valid,0.0,0,rep_ordinal_proxy,7.5,M,27.0,82.0,1.77,4.0,emg,mendeley_emg_biceps_triceps
Suj_14,Suj_14_B1,Bicep,1,2,45.43814360377736,30.914479254868755,23787.0,210,379,1181,valid,0.3333333333333333,0,rep_ordinal_proxy,7.5,M,27.0,82.0,1.77,4.0,emg,mendeley_emg_biceps_triceps
Suj_14,Suj_14_B1,Bicep,1,3,39.01331980410542,26.359732824427482,18237.0,179,294,1048,valid,0.6666666666666666,1,rep_ordinal_proxy,7.5,M,27.0,82.0,1.77,4.0,emg,mendeley_emg_biceps_triceps
Suj_14,Suj_14_B1,Bicep,1,4,39.040356367320165,27.040671971706455,20698.0,201,350,1131,valid,1.0,2,rep_ordinal_proxy,7.5,M,27.0,82.0,1.77,4.0,emg,mendeley_emg_biceps_triceps
Suj_14,Suj_14_B2,Bicep,2,1,54.37913898949033,38.98719376391982,46912.0,331,564,1796,valid,0.0,0,rep_ordinal_proxy,,,,,,,emg,mendeley_emg_biceps_triceps
Suj_14,Suj_14_B2,Bicep,2,2,67.45131284313001,46.226027397260275,39797.0,253,428,1314,valid,0.3333333333333333,0,rep_ordinal_proxy,,,,,,,emg,mendeley_emg_biceps_triceps
Suj_14,Suj_14_B2,Bicep,2,3,61.311960766137275,45.69728331177232,47502.0,303,495,1546,valid,0.6666666666666666,1,rep_ordinal_proxy,,,,,,,emg,mendeley_emg_biceps_triceps
Suj_14,Suj_14_B2,Bicep,2,4,36.89219732824513,26.74040066777963,24463.0,265,455,1198,valid,1.0,2,rep_ordinal_proxy,,,,,,,emg,mendeley_emg_biceps_triceps
Suj_15,Suj_15_B1,Bicep,1,1,0.20288706230608675,0.1424508777715643,82.76131687242798,178,277,861,valid,0.0,0,rep_ordinal_proxy,3.0,F,17.0,77.0,1.74,5.0,emg,mendeley_emg_biceps_triceps
Suj_15,Suj_15_B1,Bicep,1,2,0.17465853674782622,0.11969756688832096,80.45267489711935,183,310,971,valid,0.3333333333333333,0,rep_ordinal_proxy,3.0,F,17.0,77.0,1.74,5.0,emg,mendeley_emg_biceps_triceps
Suj_15,Suj_15_B1,Bicep,1,3,0.13699329817116132,0.09529026481952692,69.94238683127573,202,323,1048,valid,0.6666666666666666,1,rep_ordinal_proxy,3.0,F,17.0,77.0,1.74,5.0,emg,mendeley_emg_biceps_triceps
Suj_15,Suj_15_B1,Bicep,1,4,0.1604024639738814,0.11072544108360562,73.29218106995884,176,307,971,valid,1.0,2,rep_ordinal_proxy,3.0,F,17.0,77.0,1.74,5.0,emg,mendeley_emg_biceps_triceps
Suj_15,Suj_15_B2,Bicep,2,1,38.64326698576782,27.269675925925927,16385.0,159,261,864,valid,0.0,0,rep_ordinal_proxy,,,,,,,emg,mendeley_emg_biceps_triceps
Suj_15,Suj_15_B2,Bicep,2,2,51.902153569076546,36.85260482846252,19780.0,154,246,787,valid,0.3333333333333333,0,rep_ordinal_proxy,,,,,,,emg,mendeley_emg_biceps_triceps
Suj_15,Suj_15_B2,Bicep,2,3,46.635881872016384,31.81847475832438,19934.0,166,289,931,valid,0.6666666666666666,1,rep_ordinal_proxy,,,,,,,emg,mendeley_emg_biceps_triceps
Suj_15,Suj_15_B2,Bicep,2,4,36.81682539924691,25.71604938271605,17590.0,176,319,1053,valid,1.0,2,rep_ordinal_proxy,,,,,,,emg,mendeley_emg_biceps_triceps
Suj_16,Suj_16_B1,Bicep,1,1,53.87921231183223,37.05392731535756,22351.0,154,272,853,valid,0.0,0,rep_ordinal_proxy,7.5,M,22.0,85.0,1.82,4.0,emg,mendeley_emg_biceps_triceps
Suj_16,Suj_16_B1,Bicep,1,2,56.89334283566394,39.61124121779859,21255.0,146,258,854,valid,0.3333333333333333,0,rep_ordinal_proxy,7.5,M,22.0,85.0,1.82,4.0,emg,mendeley_emg_biceps_triceps
Suj_16,Suj_16_B1,Bicep,1,3,62.17326237210502,43.309859154929576,28134.0,182,308,1065,valid,0.6666666666666666,1,rep_ordinal_proxy,7.5,M,22.0,85.0,1.82,4.0,emg,mendeley_emg_biceps_triceps
Suj_16,Suj_16_B1,Bicep,1,4,58.69997362630925,41.9661751951431,31654.0,218,372,1153,valid,1.0,2,rep_ordinal_proxy,7.5,M,22.0,85.0,1.82,4.0,emg,mendeley_emg_biceps_triceps
Suj_16,Suj_16_B2,Bicep,2,1,37.907782842049734,27.093567251461987,15081.0,150,267,855,valid,0.0,0,rep_ordinal_proxy,,,,,,,emg,mendeley_emg_biceps_triceps
Suj_16,Suj_16_B2,Bicep,2,2,42.65682368069512,30.52591170825336,21472.0,187,317,1042,valid,0.3333333333333333,0,rep_ordinal_proxy,,,,,,,emg,mendeley_emg_biceps_triceps
Suj_16,Suj_16_B2,Bicep,2,3,38.6650587213087,26.76178660049628,21058.0,211,364,1209,valid,0.6666666666666666,1,rep_ordinal_proxy,,,,,,,emg,mendeley_emg_biceps_triceps
Suj_16,Suj_16_B2,Bicep,2,4,36.199459572795355,25.58515283842795,19209.0,194,340,1145,valid,1.0,2,rep_ordinal_proxy,,,,,,,emg,mendeley_emg_biceps_triceps
Suj_17,Suj_17_B1,Bicep,1,1,0.14861475511161523,0.10646559939012769,58.088050314465406,137,248,792,valid,0.0,0,rep_ordinal_proxy,8.5,M,23.0,83.0,1.8,3.0,emg,mendeley_emg_biceps_triceps
Suj_17,Suj_17_B1,Bicep,1,2,0.19965636017437918,0.13999765097032996,90.48305084745762,186,298,938,valid,0.3333333333333333,0,rep_ordinal_proxy,8.5,M,23.0,83.0,1.8,3.0,emg,mendeley_emg_biceps_triceps
Suj_17,Suj_17_B1,Bicep,1,3,0.20626501238218098,0.1464481667711024,103.20338983050848,183,327,1109,valid,0.6666666666666666,1,rep_ordinal_proxy,8.5,M,23.0,83.0,1.8,3.0,emg,mendeley_emg_biceps_triceps
Suj_17,Suj_17_B1,Bicep,1,4,0.19236546318589084,0.13024039224677686,85.95762711864407,166,315,961,valid,1.0,2,rep_ordinal_proxy,8.5,M,23.0,83.0,1.8,3.0,emg,mendeley_emg_biceps_triceps
Suj_17,Suj_17_B2,Bicep,2,1,47.414175764523605,31.493557978196232,20274.0,166,305,1009,valid,0.0,0,rep_ordinal_proxy,,,,,,,emg,mendeley_emg_biceps_triceps
Suj_17,Suj_17_B2,Bicep,2,2,50.78822038612861,35.142427281845535,23650.0,172,319,997,valid,0.3333333333333333,0,rep_ordinal_proxy,,,,,,,emg,mendeley_emg_biceps_triceps
Suj_17,Suj_17_B2,Bicep,2,3,57.476926595887946,39.952,35630.0,235,427,1375,valid,0.6666666666666666,1,rep_ordinal_proxy,,,,,,,emg,mendeley_emg_biceps_triceps
Suj_17,Suj_17_B2,Bicep,2,4,53.086500445864445,36.78234704112337,24689.0,187,294,997,valid,1.0,2,rep_ordinal_proxy,,,,,,,emg,mendeley_emg_biceps_triceps
Suj_18,Suj_18_B1,Bicep,1,1,42.559408815073134,27.956967213114755,18231.0,157,281,976,valid,0.0,0,rep_ordinal_proxy,2.5,F,24.0,63.0,1.65,5.0,emg,mendeley_emg_biceps_triceps
Suj_18,Suj_18_B1,Bicep,1,2,38.903968118470864,25.888758782201407,14669.0,138,288,854,valid,0.3333333333333333,0,rep_ordinal_proxy,2.5,F,24.0,63.0,1.65,5.0,emg,mendeley_emg_biceps_triceps
Suj_18,Suj_18_B1,Bicep,1,3,52.05487583041448,35.351791530944624,23205.0,168,300,921,valid,0.6666666666666666,1,rep_ordinal_proxy,2.5,F,24.0,63.0,1.65,5.0,emg,mendeley_emg_biceps_triceps
Suj_18,Suj_18_B1,Bicep,1,4,53.416450787189085,36.483558994197296,24864.0,174,320,1034,valid,1.0,2,rep_ordinal_proxy,2.5,F,24.0,63.0,1.65,5.0,emg,mendeley_emg_biceps_triceps
Suj_18,Suj_18_B2,Bicep,2,1,42.62423528376798,30.64277456647399,15796.0,140,250,865,valid,0.0,0,rep_ordinal_proxy,,,,,,,emg,mendeley_emg_biceps_triceps
Suj_18,Suj_18_B2,Bicep,2,2,51.812746439863794,36.56994219653179,22128.0,161,260,865,valid,0.3333333333333333,0,rep_ordinal_proxy,,,,,,,emg,mendeley_emg_biceps_triceps
Suj_18,Suj_18_B2,Bicep,2,3,52.44175409208139,37.66820809248555,20637.0,146,263,865,valid,0.6666666666666666,1,rep_ordinal_proxy,,,,,,,emg,mendeley_emg_biceps_triceps
Suj_18,Suj_18_B2,Bicep,2,4,57.85652237395585,38.46711409395973,19450.0,141,208,745,valid,1.0,2,rep_ordinal_proxy,,,,,,,emg,mendeley_emg_biceps_triceps
Suj_19,Suj_19_B1,Bicep,1,1,42.33079725680106,29.56981981981982,16508.0,156,269,888,valid,0.0,0,rep_ordinal_proxy,3.5,F,30.0,67.0,1.66,4.0,emg,mendeley_emg_biceps_triceps
Suj_19,Suj_19_B1,Bicep,1,2,43.99736780950436,30.253897550111358,17632.0,144,267,898,valid,0.3333333333333333,0,rep_ordinal_proxy,3.5,F,30.0,67.0,1.66,4.0,emg,mendeley_emg_biceps_triceps
Suj_19,Suj_19_B1,Bicep,1,3,35.81772998916107,25.226970560303894,16970.0,169,324,1053,valid,0.6666666666666666,1,rep_ordinal_proxy,3.5,F,30.0,67.0,1.66,4.0,emg,mendeley_emg_biceps_triceps
Suj_19,Suj_19_B1,Bicep,1,4,31.104055150046978,22.042357274401475,15043.0,173,319,1086,valid,1.0,2,rep_ordinal_proxy,3.5,F,30.0,67.0,1.66,4.0,emg,mendeley_emg_biceps_triceps
Suj_19,Suj_19_B2,Bicep,2,1,61.981721664207505,44.831941544885176,26321.0,173,283,958,valid,0.0,0,rep_ordinal_proxy,,,,,,,emg,mendeley_emg_biceps_triceps
Suj_19,Suj_19_B2,Bicep,2,2,60.22370466610261,42.53204047217538,34004.0,218,341,1186,valid,0.3333333333333333,0,rep_ordinal_proxy,,,,,,,emg,mendeley_emg_biceps_triceps
Suj_19,Suj_19_B2,Bicep,2,3,50.333197155860624,36.87373737373738,31894.0,238,386,1386,valid,0.6666666666666666,1,rep_ordinal_proxy,,,,,,,emg,mendeley_emg_biceps_triceps
Suj_19,Suj_19_B2,Bicep,2,4,45.07705991963372,31.771453590192646,23621.0,204,354,1142,valid,1.0,2,rep_ordinal_proxy,,,,,,,emg,mendeley_emg_biceps_triceps
Suj_20,Suj_20_B1,Bicep,1,1,55.008069552847445,38.104606525911706,26059.0,189,327,1042,valid,0.0,0,rep_ordinal_proxy,10.0,M,28.0,76.0,1.73,3.0,emg,mendeley_emg_biceps_triceps
Suj_20,Suj_20_B1,Bicep,1,2,57.64015667173195,39.673112338858196,28831.0,211,327,1086,valid,0.3333333333333333,0,rep_ordinal_proxy,10.0,M,28.0,76.0,1.73,3.0,emg,mendeley_emg_biceps_triceps
Suj_20,Suj_20_B1,Bicep,1,3,49.10623791423315,33.32763532763533,22188.0,180,307,1053,valid,0.6666666666666666,1,rep_ordinal_proxy,10.0,M,28.0,76.0,1.73,3.0,emg,mendeley_emg_biceps_triceps
Suj_20,Suj_20_B1,Bicep,1,4,40.41588378313446,27.040845070422534,13499.0,113,241,710,valid,1.0,2,rep_ordinal_proxy,10.0,M,28.0,76.0,1.73,3.0,emg,mendeley_emg_biceps_triceps
Suj_20,Suj_20_B2,Bicep,2,1,61.97667977721053,44.022629310344826,28368.0,168,301,928,valid,0.0,0,rep_ordinal_proxy,,,,,,,emg,mendeley_emg_biceps_triceps
Suj_20,Suj_20_B2,Bicep,2,2,63.7003634320077,45.428082191780824,25964.0,157,277,876,valid,0.3333333333333333,0,rep_ordinal_proxy,,,,,,,emg,mendeley_emg_biceps_triceps
Suj_20,Suj_20_B2,Bicep,2,3,64.93145168759916,46.49469214437367,27116.0,167,256,942,valid,0.6666666666666666,1,rep_ordinal_proxy,,,,,,,emg,mendeley_emg_biceps_triceps
Suj_20,Suj_20_B2,Bicep,2,4,69.45551945230801,51.681341719077565,30765.0,167,247,954,valid,1.0,2,rep_ordinal_proxy,,,,,,,emg,mendeley_emg_biceps_triceps
Suj_21,Suj_21_B1,Bicep,1,1,0.15859402279954188,0.10648933163769958,49.23412698412699,108,203,674,valid,0.0,0,rep_ordinal_proxy,11.5,M,28.0,81.0,1.79,3.0,emg,mendeley_emg_biceps_triceps
Suj_21,Suj_21_B1,Bicep,1,2,0.20993068490839625,0.1489343563512361,99.74411764705883,173,311,1035,valid,0.3333333333333333,0,rep_ordinal_proxy,11.5,M,28.0,81.0,1.79,3.0,emg,mendeley_emg_biceps_triceps
Suj_21,Suj_21_B1,Bicep,1,3,0.18139552014655988,0.12351407982828233,93.79117647058824,210,351,1151,valid,0.6666666666666666,1,rep_ordinal_proxy,11.5,M,28.0,81.0,1.79,3.0,emg,mendeley_emg_biceps_triceps
Suj_21,Suj_21_B1,Bicep,1,4,0.1500733875077136,0.09838701091296247,74.20882352941177,207,337,1105,valid,1.0,2,rep_ordinal_proxy,11.5,M,28.0,81.0,1.79,3.0,emg,mendeley_emg_biceps_triceps
Suj_21,Suj_21_B2,Bicep,2,1,56.5087634207973,38.26609442060086,23284.0,157,288,932,valid,0.0,0,rep_ordinal_proxy,,,,,,,emg,mendeley_emg_biceps_triceps
Suj_21,Suj_21_B2,Bicep,2,2,60.27223356044456,42.467505241090144,26519.0,180,291,954,valid,0.3333333333333333,0,rep_ordinal_proxy,,,,,,,emg,mendeley_emg_biceps_triceps
Suj_21,Suj_21_B2,Bicep,2,3,59.20593686691233,41.68050541516246,31760.0,221,353,1108,valid,0.6666666666666666,1,rep_ordinal_proxy,,,,,,,emg,mendeley_emg_biceps_triceps
Suj_21,Suj_21_B2,Bicep,2,4,53.37495647237898,36.89984591679507,33290.0,259,423,1298,valid,1.0,2,rep_ordinal_proxy,,,,,,,emg,mendeley_emg_biceps_triceps
Suj_22,Suj_22_B1,Bicep,1,1,43.13973623128986,28.729473684210525,18227.0,157,282,950,valid,0.0,0,rep_ordinal_proxy,10.0,M,27.0,80.0,1.77,4.0,emg,mendeley_emg_biceps_triceps
Suj_22,Suj_22_B1,Bicep,1,2,38.761134934304344,25.63953488372093,14628.0,136,282,860,valid,0.3333333333333333,0,rep_ordinal_proxy,10.0,M,27.0,80.0,1.77,4.0,emg,mendeley_emg_biceps_triceps
Suj_22,Suj_22_B1,Bicep,1,3,52.08134315038185,35.36630434782609,23193.0,168,297,920,valid,0.6666666666666666,1,rep_ordinal_proxy,10.0,M,27.0,80.0,1.77,4.0,emg,mendeley_emg_biceps_triceps
Suj_22,Suj_22_B1,Bicep,1,4,53.78003492805434,36.95294117647059,24849.0,174,318,1020,valid,1.0,2,rep_ordinal_proxy,10.0,M,27.0,80.0,1.77,4.0,emg,mendeley_emg_biceps_triceps
Suj_22,Suj_22_B2,Bicep,2,1,0.17032768697107387,0.1201110868032767,54.48412698412699,111,175,653,valid,0.0,0,rep_ordinal_proxy,,,,,,,emg,mendeley_emg_biceps_triceps
Suj_22,Suj_22_B2,Bicep,2,2,0.2010576622003216,0.13616190307118764,85.86259541984732,174,296,989,valid,0.3333333333333333,0,rep_ordinal_proxy,,,,,,,emg,mendeley_emg_biceps_triceps
Suj_22,Suj_22_B2,Bicep,2,3,0.19164652574451913,0.12962380881105623,134.64503816793894,287,508,1530,valid,0.6666666666666666,1,rep_ordinal_proxy,,,,,,,emg,mendeley_emg_biceps_triceps
Suj_22,Suj_22_B2,Bicep,2,4,0.18519597401894136,0.12907635081639054,88.62213740458014,187,330,1022,valid,1.0,2,rep_ordinal_proxy,,,,,,,emg,mendeley_emg_biceps_triceps
Suj_23,Suj_23_B1,Bicep,1,1,58.09122744431804,40.02055406613047,30968.0,227,350,1119,valid,0.0,0,rep_ordinal_proxy,11.5,M,29.0,79.0,1.81,4.0,emg,mendeley_emg_biceps_triceps
Suj_23,Suj_23_B1,Bicep,1,2,51.696586677925815,35.278557114228455,23158.0,186,316,998,valid,0.3333333333333333,0,rep_ordinal_proxy,11.5,M,29.0,79.0,1.81,4.0,emg,mendeley_emg_biceps_triceps
Suj_23,Suj_23_B1,Bicep,1,3,55.66451636134764,36.308091286307054,24639.0,192,295,964,valid,0.6666666666666666,1,rep_ordinal_proxy,11.5,M,29.0,79.0,1.81,4.0,emg,mendeley_emg_biceps_triceps
Suj_23,Suj_23_B1,Bicep,1,4,53.49403769548076,37.671630094043884,32929.0,242,382,1276,valid,1.0,2,rep_ordinal_proxy,11.5,M,29.0,79.0,1.81,4.0,emg,mendeley_emg_biceps_triceps
Suj_23,Suj_23_B2,Bicep,2,1,0.1914045462526335,0.12709137709137708,55.01190476190476,113,193,666,valid,0.0,0,rep_ordinal_proxy,,,,,,,emg,mendeley_emg_biceps_triceps
Suj_23,Suj_23_B2,Bicep,2,2,0.19751168274670075,0.1380114538479122,97.63375796178345,195,309,1031,valid,0.3333333333333333,0,rep_ordinal_proxy,,,,,,,emg,mendeley_emg_biceps_triceps
Suj_23,Suj_23_B2,Bicep,2,3,0.2112012111496564,0.14659200313304,107.45541401273886,215,350,1171,valid,0.6666666666666666,1,rep_ordinal_proxy,,,,,,,emg,mendeley_emg_biceps_triceps
Suj_23,Suj_23_B2,Bicep,2,4,0.1987537470550189,0.13801644825145815,102.98089171974522,202,326,1044,valid,1.0,2,rep_ordinal_proxy,,,,,,,emg,mendeley_emg_biceps_triceps
Suj_24,Suj_24_B1,Bicep,1,1,0.20992764029566857,0.13929734979274516,62.47109689647003,111,203,705,valid,0.0,0,rep_ordinal_proxy,7.0,M,31.0,75.0,1.72,5.0,emg,mendeley_emg_biceps_triceps
Suj_24,Suj_24_B1,Bicep,1,2,0.19880109945091143,0.13334832832607682,77.51243781094527,148,297,929,valid,0.3333333333333333,0,rep_ordinal_proxy,7.0,M,31.0,75.0,1.72,5.0,emg,mendeley_emg_biceps_triceps
Suj_24,Suj_24_B1,Bicep,1,3,0.1863976575491752,0.13510516011997775,98.76119402985074,195,334,1108,valid,0.6666666666666666,1,rep_ordinal_proxy,7.0,M,31.0,75.0,1.72,5.0,emg,mendeley_emg_biceps_triceps
Suj_24,Suj_24_B1,Bicep,1,4,0.17242926765299466,0.1229731172463861,99.80099502487562,227,352,1165,valid,1.0,2,rep_ordinal_proxy,7.0,M,31.0,75.0,1.72,5.0,emg,mendeley_emg_biceps_triceps
Suj_24,Suj_24_B2,Bicep,2,1,0.20581843098818361,0.1408002991772625,74.82936507936509,148,211,764,valid,0.0,0,rep_ordinal_proxy,,,,,,,emg,mendeley_emg_biceps_triceps
Suj_24,Suj_24_B2,Bicep,2,2,0.1967893944297429,0.13771758831777298,75.09649122807016,145,236,855,valid,0.3333333333333333,0,rep_ordinal_proxy,,,,,,,emg,mendeley_emg_biceps_triceps
Suj_24,Suj_24_B2,Bicep,2,3,0.18082398189105534,0.12758696428081157,91.32748538011695,202,316,1065,valid,0.6666666666666666,1,rep_ordinal_proxy,,,,,,,emg,mendeley_emg_biceps_triceps
Suj_24,Suj_24_B2,Bicep,2,4,0.18296475185826533,0.12996926979171747,90.62573099415204,204,306,1079,valid,1.0,2,rep_ordinal_proxy,,,,,,,emg,mendeley_emg_biceps_triceps
Suj_25,Suj_25_B1,Bicep,1,1,0.19188213674972235,0.12563678289938585,59.314029396451595,108,230,745,valid,0.0,0,rep_ordinal_proxy,8.5,M,20.0,75.0,1.69,3.0,emg,mendeley_emg_biceps_triceps
Suj_25,Suj_25_B1,Bicep,1,2,0.18777124148270777,0.12784711938509274,72.90804597701148,146,247,815,valid,0.3333333333333333,0,rep_ordinal_proxy,8.5,M,20.0,75.0,1.69,3.0,emg,mendeley_emg_biceps_triceps
Suj_25,Suj_25_B1,Bicep,1,3,0.17880927519543457,0.12696347244167672,93.87931034482759,195,355,1113,valid,0.6666666666666666,1,rep_ordinal_proxy,8.5,M,20.0,75.0,1.69,3.0,emg,mendeley_emg_biceps_triceps
Suj_25,Suj_25_B1,Bicep,1,4,0.18301542886076655,0.11984080598925718,100.1896551724138,211,401,1239,valid,1.0,2,rep_ordinal_proxy,8.5,M,20.0,75.0,1.69,3.0,emg,mendeley_emg_biceps_triceps
Suj_25,Suj_25_B2,Bicep,2,1,0.20381232204913735,0.13591479390244285,65.7545826389941,131,215,765,valid,0.0,0,rep_ordinal_proxy,,,,,,,emg,mendeley_emg_biceps_triceps
Suj_25,Suj_25_B2,Bicep,2,2,0.23670994833447032,0.15829795178667425,104.67224080267559,190,286,1039,valid,0.3333333333333333,0,rep_ordinal_proxy,,,,,,,emg,mendeley_emg_biceps_triceps
Suj_25,Suj_25_B2,Bicep,2,3,0.20769611421381068,0.14462609503986096,122.03678929765887,221,414,1324,valid,0.6666666666666666,1,rep_ordinal_proxy,,,,,,,emg,mendeley_emg_biceps_triceps
Suj_25,Suj_25_B2,Bicep,2,4,0.20369848782003994,0.14263549490461583,116.28428093645485,223,361,1233,valid,1.0,2,rep_ordinal_proxy,,,,,,,emg,mendeley_emg_biceps_triceps
Suj_26,Suj_26_B1,Bicep,1,1,0.18282115012995398,0.12782189449801476,72.56794425087108,147,275,860,valid,0.0,0,rep_ordinal_proxy,8.0,M,26.0,79.0,1.82,4.0,emg,mendeley_emg_biceps_triceps
Suj_26,Suj_26_B1,Bicep,1,2,0.029433716850922886,0.0187042842215256,1.3681818181818184,7,37,87,valid,0.3333333333333333,0,rep_ordinal_proxy,8.0,M,26.0,79.0,1.82,4.0,emg,mendeley_emg_biceps_triceps
Suj_26,Suj_26_B1,Bicep,1,3,0.18597367072260418,0.12052285650985896,99.5,231,379,1231,valid,0.6666666666666666,1,rep_ordinal_proxy,8.0,M,26.0,79.0,1.82,4.0,emg,mendeley_emg_biceps_triceps
Suj_26,Suj_26_B1,Bicep,1,4,0.16778220082300957,0.11315816248664598,134.48181818181817,312,552,1787,valid,1.0,2,rep_ordinal_proxy,8.0,M,26.0,79.0,1.82,4.0,emg,mendeley_emg_biceps_triceps
Suj_26,Suj_26_B2,Bicep,2,1,0.20581975120913673,0.14172428733909842,73.24041811846689,156,230,772,valid,0.0,0,rep_ordinal_proxy,,,,,,,emg,mendeley_emg_biceps_triceps
Suj_26,Suj_26_B2,Bicep,2,2,0.13910731882333904,0.09003909092799368,64.83231707317074,188,328,1173,valid,0.3333333333333333,0,rep_ordinal_proxy,,,,,,,emg,mendeley_emg_biceps_triceps
Suj_26,Suj_26_B2,Bicep,2,3,0.14870193922013836,0.09665102289218669,69.77743902439025,198,323,1042,valid,0.6666666666666666,1,rep_ordinal_proxy,,,,,,,emg,mendeley_emg_biceps_triceps
Suj_26,Suj_26_B2,Bicep,2,4,0.15471956953978014,0.104594711028632,103.15243902439025,264,419,1472,valid,1.0,2,rep_ordinal_proxy,,,,,,,emg,mendeley_emg_biceps_triceps
Suj_27,Suj_27_B1,Bicep,1,1,0.14098863323286642,0.1010440996514217,54.17361415825654,137,242,805,valid,0.0,0,rep_ordinal_proxy,4.0,F,32.0,82.0,1.78,4.0,emg,mendeley_emg_biceps_triceps
Suj_27,Suj_27_B1,Bicep,1,2,0.21828234397507065,0.1510084019956771,97.84108527131784,184,284,954,valid,0.3333333333333333,0,rep_ordinal_proxy,4.0,F,32.0,82.0,1.78,4.0,emg,mendeley_emg_biceps_triceps
Suj_27,Suj_27_B1,Bicep,1,3,0.21584642584158117,0.14894533326002896,128.6589147286822,247,399,1269,valid,0.6666666666666666,1,rep_ordinal_proxy,4.0,F,32.0,82.0,1.78,4.0,emg,mendeley_emg_biceps_triceps
Suj_27,Suj_27_B1,Bicep,1,4,0.20012361341345145,0.1429931710508637,124.74806201550388,238,377,1327,valid,1.0,2,rep_ordinal_proxy,4.0,F,32.0,82.0,1.78,4.0,emg,mendeley_emg_biceps_triceps
Suj_27,Suj_27_B2,Bicep,2,1,0.2236586365094506,0.1552016002805448,86.59908743371562,153,234,806,valid,0.0,0,rep_ordinal_proxy,,,,,,,emg,mendeley_emg_biceps_triceps
Suj_27,Suj_27_B2,Bicep,2,2,0.25242013616060693,0.17548915199732715,114.4640522875817,170,259,939,valid,0.3333333333333333,0,rep_ordinal_proxy,,,,,,,emg,mendeley_emg_biceps_triceps
Suj_27,Suj_27_B2,Bicep,2,3,0.23377904976797026,0.16782779564130046,142.75816993464053,231,353,1244,valid,0.6666666666666666,1,rep_ordinal_proxy,,,,,,,emg,mendeley_emg_biceps_triceps
Suj_27,Suj_27_B2,Bicep,2,4,0.23985097453879156,0.17491378460932114,116.61764705882352,191,280,995,valid,1.0,2,rep_ordinal_proxy,,,,,,,emg,mendeley_emg_biceps_triceps
Suj_28,Suj_28_B1,Bicep,1,1,0.1511886375957642,0.10989435606527727,57.937106918238996,138,248,765,valid,0.0,0,rep_ordinal_proxy,7.0,M,19.0,78.0,1.8,3.0,emg,mendeley_emg_biceps_triceps
Suj_28,Suj_28_B1,Bicep,1,2,0.17776945283443388,0.11895253911293437,84.3616697767641,173,322,1054,valid,0.3333333333333333,0,rep_ordinal_proxy,7.0,M,19.0,78.0,1.8,3.0,emg,mendeley_emg_biceps_triceps
Suj_28,Suj_28_B1,Bicep,1,3,0.20782631080704214,0.1502898607535944,171.5934065934066,321,487,1682,valid,0.6666666666666666,1,rep_ordinal_proxy,7.0,M,19.0,78.0,1.8,3.0,emg,mendeley_emg_biceps_triceps
Suj_28,Suj_28_B1,Bicep,1,4,0.17934727723714713,0.12177502579979359,106.1941391941392,231,385,1292,valid,1.0,2,rep_ordinal_proxy,7.0,M,19.0,78.0,1.8,3.0,emg,mendeley_emg_biceps_triceps
Suj_28,Suj_28_B2,Bicep,2,1,0.13936082612448958,0.09648295266468056,50.15408805031447,136,258,760,valid,0.0,0,rep_ordinal_proxy,,,,,,,emg,mendeley_emg_biceps_triceps
Suj_28,Suj_28_B2,Bicep,2,2,0.22630344287494794,0.1528301886792453,113.33018867924528,213,326,1045,valid,0.3333333333333333,0,rep_ordinal_proxy,,,,,,,emg,mendeley_emg_biceps_triceps
Suj_28,Suj_28_B2,Bicep,2,3,0.20780354990916478,0.13419590901075648,96.25471698113208,173,309,1070,valid,0.6666666666666666,1,rep_ordinal_proxy,,,,,,,emg,mendeley_emg_biceps_triceps
Suj_28,Suj_28_B2,Bicep,2,4,0.1903602751577991,0.12472130711124423,140.1132075471698,276,546,1701,valid,1.0,2,rep_ordinal_proxy,,,,,,,emg,mendeley_emg_biceps_triceps
Suj_29,Suj_29_B1,Bicep,1,1,0.1773721748603947,0.11973113854595335,82.44444444444444,192,330,1125,valid,0.0,0,rep_ordinal_proxy,10.0,M,20.0,74.0,1.76,3.0,emg,mendeley_emg_biceps_triceps
Suj_29,Suj_29_B1,Bicep,1,2,0.22382943550264126,0.1520442051631135,120.51851851851852,233,347,1197,valid,0.3333333333333333,0,rep_ordinal_proxy,10.0,M,20.0,74.0,1.76,3.0,emg,mendeley_emg_biceps_triceps
Suj_29,Suj_29_B1,Bicep,1,3,0.19392941158574073,0.13017013916465905,119.98456790123457,261,435,1399,valid,0.6666666666666666,1,rep_ordinal_proxy,10.0,M,20.0,74.0,1.76,3.0,emg,mendeley_emg_biceps_triceps
Suj_29,Suj_29_B1,Bicep,1,4,0.1682224491238309,0.1158213561820527,83.62962962962963,184,326,1072,valid,1.0,2,rep_ordinal_proxy,10.0,M,20.0,74.0,1.76,3.0,emg,mendeley_emg_biceps_triceps
Suj_29,Suj_29_B2,Bicep,2,1,0.1849974158484821,0.12251770510066044,81.83389830508474,187,317,1065,valid,0.0,0,rep_ordinal_proxy,,,,,,,emg,mendeley_emg_biceps_triceps
Suj_29,Suj_29_B2,Bicep,2,2,0.19567537642857857,0.13587829351246844,106.09152542372883,209,364,1201,valid,0.3333333333333333,0,rep_ordinal_proxy,,,,,,,emg,mendeley_emg_biceps_triceps
Suj_29,Suj_29_B2,Bicep,2,3,0.230100238063109,0.16121295976017525,122.02033898305083,207,346,1176,valid,0.6666666666666666,1,rep_ordinal_proxy,,,,,,,emg,mendeley_emg_biceps_triceps
Suj_29,Suj_29_B2,Bicep,2,4,0.2433342697842134,0.16826868791216712,154.82711864406778,236,418,1411,valid,1.0,2,rep_ordinal_proxy,,,,,,,emg,mendeley_emg_biceps_triceps
Suj_30,Suj_30_B1,Bicep,1,1,0.1923294525762375,0.13287067392899107,93.19377162629758,184,341,1066,valid,0.0,0,rep_ordinal_proxy,10.0,M,28.0,77.0,1.75,3.0,emg,mendeley_emg_biceps_triceps
Suj_30,Suj_30_B1,Bicep,1,2,0.196448143081998,0.13581944007549543,98.62283737024222,199,331,1100,valid,0.3333333333333333,0,rep_ordinal_proxy,10.0,M,28.0,77.0,1.75,3.0,emg,mendeley_emg_biceps_triceps
Suj_30,Suj_30_B1,Bicep,1,3,0.19181776807477557,0.1350802139037433,94.90311418685121,195,322,1100,valid,0.6666666666666666,1,rep_ordinal_proxy,10.0,M,28.0,77.0,1.75,3.0,emg,mendeley_emg_biceps_triceps
Suj_30,Suj_30_B1,Bicep,1,4,0.1925103877956706,0.13508650519031143,97.08650519031141,190,338,1100,valid,1.0,2,rep_ordinal_proxy,10.0,M,28.0,77.0,1.75,3.0,emg,mendeley_emg_biceps_triceps
Suj_30,Suj_30_B2,Bicep,2,1,0.19310598630886086,0.12843234354269056,85.70169491525424,185,310,907,valid,0.0,0,rep_ordinal_proxy,,,,,,,emg,mendeley_emg_biceps_triceps
Suj_30,Suj_30_B2,Bicep,2,2,0.2150131302220098,0.14856078316773816,91.05762711864406,189,288,928,valid,0.3333333333333333,0,rep_ordinal_proxy,,,,,,,emg,mendeley_emg_biceps_triceps
Suj_30,Suj_30_B2,Bicep,2,3,0.18348868352873052,0.1284998278302789,84.35254237288135,188,310,886,valid,0.6666666666666666,1,rep_ordinal_proxy,,,,,,,emg,mendeley_emg_biceps_triceps
Suj_30,Suj_30_B2,Bicep,2,4,0.21891156385427868,0.1568314005352364,99.09830508474576,160,290,950,valid,1.0,2,rep_ordinal_proxy,,,,,,,emg,mendeley_emg_biceps_triceps
Suj_1,Suj_1_T1,Tricep,1,1,21.172237982844084,14.468579234972678,7581.0,141,239,732,valid,0.0,0,rep_ordinal_proxy,5.0,,,,,,emg,mendeley_emg_biceps_triceps
Suj_1,Suj_1_T1,Tricep,1,2,19.035668077118075,12.970654627539503,8142.0,151,304,886,valid,0.3333333333333333,0,rep_ordinal_proxy,5.0,,,,,,emg,mendeley_emg_biceps_triceps
Suj_1,Suj_1_T1,Tricep,1,3,19.81372225866684,13.328205128205129,8704.0,168,311,975,valid,0.6666666666666666,1,rep_ordinal_proxy,5.0,,,,,,emg,mendeley_emg_biceps_triceps
Suj_1,Suj_1_T1,Tricep,1,4,20.834450581208344,14.819623389494549,10009.0,171,345,1009,valid,1.0,2,rep_ordinal_proxy,5.0,,,,,,emg,mendeley_emg_biceps_triceps
Suj_1,Suj_1_T2,Tricep,2,1,15.256177535215787,9.869123252858959,5370.0,114,240,787,valid,0.0,0,rep_ordinal_proxy,,,,,,,emg,mendeley_emg_biceps_triceps
Suj_1,Suj_1_T2,Tricep,2,2,14.624404350754908,9.962091503267974,5209.0,117,242,765,valid,0.3333333333333333,0,rep_ordinal_proxy,,,,,,,emg,mendeley_emg_biceps_triceps
Suj_1,Suj_1_T2,Tricep,2,3,14.895228526190012,10.37706511175899,7819.0,189,331,1029,valid,0.6666666666666666,1,rep_ordinal_proxy,,,,,,,emg,mendeley_emg_biceps_triceps
Suj_1,Suj_1_T2,Tricep,2,4,15.49121336634386,10.784675072744907,7084.0,147,347,1031,valid,1.0,2,rep_ordinal_proxy,,,,,,,emg,mendeley_emg_biceps_triceps
Suj_2,Suj_2_T1,Tricep,1,1,14.320432782635,10.04610655737705,6800.0,169,349,976,valid,0.0,0,rep_ordinal_proxy,5.0,,,,,,emg,mendeley_emg_biceps_triceps
Suj_2,Suj_2_T1,Tricep,1,2,14.612094127731584,10.11907514450867,6125.0,143,302,865,valid,0.3333333333333333,0,rep_ordinal_proxy,5.0,,,,,,emg,mendeley_emg_biceps_triceps
Suj_2,Suj_2_T1,Tricep,1,3,14.389753100687507,9.673888255416191,6010.0,137,278,877,valid,0.6666666666666666,1,rep_ordinal_proxy,5.0,,,,,,emg,mendeley_emg_biceps_triceps
Suj_2,Suj_2_T1,Tricep,1,4,14.572194764608414,9.80773042616452,6571.0,146,320,1009,valid,1.0,2,rep_ordinal_proxy,5.0,,,,,,emg,mendeley_emg_biceps_triceps
Suj_2,Suj_2_T2,Tricep,2,1,10.491152735247244,7.107142857142857,3379.0,93,242,700,valid,0.0,0,rep_ordinal_proxy,,,,,,,emg,mendeley_emg_biceps_triceps
Suj_2,Suj_2_T2,Tricep,2,2,10.837958455020498,7.387832699619772,3998.0,105,248,789,valid,0.3333333333333333,0,rep_ordinal_proxy,,,,,,,emg,mendeley_emg_biceps_triceps
Suj_2,Suj_2_T2,Tricep,2,3,14.620661788275576,9.590622182146078,7385.0,180,382,1109,valid,0.6666666666666666,1,rep_ordinal_proxy,,,,,,,emg,mendeley_emg_biceps_triceps
Suj_2,Suj_2_T2,Tricep,2,4,13.167022010000892,9.473032714412025,7508.0,175,381,1131,valid,1.0,2,rep_ordinal_proxy,,,,,,,emg,mendeley_emg_biceps_triceps
Suj_3,Suj_3_T1,Tricep,1,1,8.121647177894735,4.743107769423559,2888.0,79,268,798,valid,0.0,0,rep_ordinal_proxy,2.5,,,,,,emg,mendeley_emg_biceps_triceps
Suj_3,Suj_3_T1,Tricep,1,2,6.897389137565406,4.48688352570829,3028.0,105,283,953,valid,0.3333333333333333,0,rep_ordinal_proxy,2.5,,,,,,emg,mendeley_emg_biceps_triceps
Suj_3,Suj_3_T1,Tricep,1,3,4.418961918323236,3.1155378486055776,1620.0,44,208,753,valid,0.6666666666666666,1,rep_ordinal_proxy,2.5,,,,,,emg,mendeley_emg_biceps_triceps
Suj_3,Suj_3_T1,Tricep,1,4,3.0369226041794155,2.043848964677223,1382.0,21,208,821,valid,1.0,2,rep_ordinal_proxy,2.5,,,,,,emg,mendeley_emg_biceps_triceps
Suj_3,Suj_3_T2,Tricep,2,1,21.471480266432593,13.406727828746178,6173.0,93,219,654,valid,0.0,0,rep_ordinal_proxy,,,,,,,emg,mendeley_emg_biceps_triceps
Suj_3,Suj_3_T2,Tricep,2,2,23.28379862725558,14.095490716180372,7004.0,99,268,754,valid,0.3333333333333333,0,rep_ordinal_proxy,,,,,,,emg,mendeley_emg_biceps_triceps
Suj_3,Suj_3_T2,Tricep,2,3,26.274254816557853,15.336466165413533,10138.0,149,352,1064,valid,0.6666666666666666,1,rep_ordinal_proxy,,,,,,,emg,mendeley_emg_biceps_triceps
Suj_3,Suj_3_T2,Tricep,2,4,19.405427899694978,11.67100371747212,8785.0,166,344,1076,valid,1.0,2,rep_ordinal_proxy,,,,,,,emg,mendeley_emg_biceps_triceps
Suj_4,Suj_4_T1,Tricep,1,1,5.944102366310364,4.159803921568628,3256.0,124,389,1020,valid,0.0,0,rep_ordinal_proxy,2.7,,,,,,emg,mendeley_emg_biceps_triceps
Suj_4,Suj_4_T1,Tricep,1,2,6.1409273738572265,4.403296703296704,2871.0,107,318,910,valid,0.3333333333333333,0,rep_ordinal_proxy,2.7,,,,,,emg,mendeley_emg_biceps_triceps
Suj_4,Suj_4_T1,Tricep,1,3,5.93441570161934,4.257009345794392,2431.0,79,311,856,valid,0.6666666666666666,1,rep_ordinal_proxy,2.7,,,,,,emg,mendeley_emg_biceps_triceps
Suj_4,Suj_4_T1,Tricep,1,4,4.495639936996041,3.269461077844311,1953.0,64,272,835,valid,1.0,2,rep_ordinal_proxy,2.7,,,,,,emg,mendeley_emg_biceps_triceps
Suj_4,Suj_4_T2,Tricep,2,1,24.788587577231464,14.814814814814815,6054.0,73,208,675,valid,0.0,0,rep_ordinal_proxy,,,,,,,emg,mendeley_emg_biceps_triceps
Suj_4,Suj_4_T2,Tricep,2,2,21.491450571449484,14.285024154589372,6369.0,106,205,621,valid,0.3333333333333333,0,rep_ordinal_proxy,,,,,,,emg,mendeley_emg_biceps_triceps
Suj_4,Suj_4_T2,Tricep,2,3,25.58387153576684,16.467241379310344,12066.0,174,370,1160,valid,0.6666666666666666,1,rep_ordinal_proxy,,,,,,,emg,mendeley_emg_biceps_triceps
Suj_4,Suj_4_T2,Tricep,2,4,25.947481871008968,17.229689067201605,11460.0,165,317,997,valid,1.0,2,rep_ordinal_proxy,,,,,,,emg,mendeley_emg_biceps_triceps
Suj_5,Suj_5_T1,Tricep,1,1,14.3604707926754,10.45664739884393,6507.0,161,285,865,valid,0.0,0,rep_ordinal_proxy,4.0,,,,,,emg,mendeley_emg_biceps_triceps
Suj_5,Suj_5_T1,Tricep,1,2,14.773727496549833,10.740787801778907,5997.0,147,246,787,valid,0.3333333333333333,0,rep_ordinal_proxy,4.0,,,,,,emg,mendeley_emg_biceps_triceps
Suj_5,Suj_5_T1,Tricep,1,3,14.83525582258282,11.009575923392612,5398.0,112,233,731,valid,0.6666666666666666,1,rep_ordinal_proxy,4.0,,,,,,emg,mendeley_emg_biceps_triceps
Suj_5,Suj_5_T1,Tricep,1,4,14.208375955591231,10.149791955617198,5212.0,127,252,721,valid,1.0,2,rep_ordinal_proxy,4.0,,,,,,emg,mendeley_emg_biceps_triceps
Suj_5,Suj_5_T2,Tricep,2,1,21.72368565687044,12.703703703703704,5196.0,87,187,675,valid,0.0,0,rep_ordinal_proxy,,,,,,,emg,mendeley_emg_biceps_triceps
Suj_5,Suj_5_T2,Tricep,2,2,27.082243268727996,16.872472783825817,7421.0,90,199,643,valid,0.3333333333333333,0,rep_ordinal_proxy,,,,,,,emg,mendeley_emg_biceps_triceps
Suj_5,Suj_5_T2,Tricep,2,3,29.051089533936732,18.41139896373057,11434.0,165,308,965,valid,0.6666666666666666,1,rep_ordinal_proxy,,,,,,,emg,mendeley_emg_biceps_triceps
Suj_5,Suj_5_T2,Tricep,2,4,27.078010503907795,17.49844559585492,11709.0,153,284,965,valid,1.0,2,rep_ordinal_proxy,,,,,,,emg,mendeley_emg_biceps_triceps
Suj_6,Suj_6_T1,Tricep,1,1,11.971708504272822,8.945864661654136,4233.0,130,215,665,valid,0.0,0,rep_ordinal_proxy,4.0,,,,,,emg,mendeley_emg_biceps_triceps
Suj_6,Suj_6_T1,Tricep,1,2,10.693433244898795,7.722607489597781,3929.0,123,245,721,valid,0.3333333333333333,0,rep_ordinal_proxy,4.0,,,,,,emg,mendeley_emg_biceps_triceps
Suj_6,Suj_6_T1,Tricep,1,3,11.971457282790773,8.448621553884712,4837.0,124,262,798,valid,0.6666666666666666,1,rep_ordinal_proxy,4.0,,,,,,emg,mendeley_emg_biceps_triceps
Suj_6,Suj_6_T1,Tricep,1,4,10.893078497796624,7.926426426426427,3834.0,109,228,666,valid,1.0,2,rep_ordinal_proxy,4.0,,,,,,emg,mendeley_emg_biceps_triceps
Suj_6,Suj_6_T2,Tricep,2,1,15.129533296760274,10.880555555555556,5205.0,121,240,720,valid,0.0,0,rep_ordinal_proxy,,,,,,,emg,mendeley_emg_biceps_triceps
Suj_6,Suj_6_T2,Tricep,2,2,14.777810725529413,9.79812834224599,5092.0,111,261,748,valid,0.3333333333333333,0,rep_ordinal_proxy,,,,,,,emg,mendeley_emg_biceps_triceps
Suj_6,Suj_6_T2,Tricep,2,3,15.108278688377773,10.139065817409767,6605.0,155,320,942,valid,0.6666666666666666,1,rep_ordinal_proxy,,,,,,,emg,mendeley_emg_biceps_triceps
Suj_6,Suj_6_T2,Tricep,2,4,13.135183802110083,8.946484784889822,5654.0,156,319,953,valid,1.0,2,rep_ordinal_proxy,,,,,,,emg,mendeley_emg_biceps_triceps
Suj_7,Suj_7_T1,Tricep,1,1,28.7546821584198,21.4031746031746,9324.0,130,208,630,valid,0.0,0,rep_ordinal_proxy,7.5,,,,,,emg,mendeley_emg_biceps_triceps
Suj_7,Suj_7_T1,Tricep,1,2,32.3293321039225,22.874603174603173,9378.0,117,204,630,valid,0.3333333333333333,0,rep_ordinal_proxy,7.5,,,,,,emg,mendeley_emg_biceps_triceps
Suj_7,Suj_7_T1,Tricep,1,3,35.673833380500355,24.735820895522387,11793.0,121,219,670,valid,0.6666666666666666,1,rep_ordinal_proxy,7.5,,,,,,emg,mendeley_emg_biceps_triceps
Suj_7,Suj_7_T1,Tricep,1,4,31.218416686501644,21.071315372424724,8852.0,99,206,631,valid,1.0,2,rep_ordinal_proxy,7.5,,,,,,emg,mendeley_emg_biceps_triceps
Suj_7,Suj_7_T2,Tricep,2,1,11.456780197769355,8.3734375,3695.0,108,236,640,valid,0.0,0,rep_ordinal_proxy,,,,,,,emg,mendeley_emg_biceps_triceps
Suj_7,Suj_7_T2,Tricep,2,2,15.566824576555755,10.58904109589041,5111.0,111,214,730,valid,0.3333333333333333,0,rep_ordinal_proxy,,,,,,,emg,mendeley_emg_biceps_triceps
Suj_7,Suj_7_T2,Tricep,2,3,13.461062723411025,9.244234800838575,6039.0,132,312,954,valid,0.6666666666666666,1,rep_ordinal_proxy,,,,,,,emg,mendeley_emg_biceps_triceps
Suj_7,Suj_7_T2,Tricep,2,4,14.85393541124007,10.381054897739505,6496.0,155,309,929,valid,1.0,2,rep_ordinal_proxy,,,,,,,emg,mendeley_emg_biceps_triceps
Suj_8,Suj_8_T1,Tricep,1,1,34.57736910282201,25.11265164644714,9516.0,108,176,577,valid,0.0,0,rep_ordinal_proxy,7.5,,,,,,emg,mendeley_emg_biceps_triceps
Suj_8,Suj_8_T1,Tricep,1,2,34.72217243372071,25.697394789579157,9060.0,95,170,499,valid,0.3333333333333333,0,rep_ordinal_proxy,7.5,,,,,,emg,mendeley_emg_biceps_triceps
Suj_8,Suj_8_T1,Tricep,1,3,37.98450571507552,27.8953488372093,13142.0,130,237,688,valid,0.6666666666666666,1,rep_ordinal_proxy,7.5,,,,,,emg,mendeley_emg_biceps_triceps
Suj_8,Suj_8_T1,Tricep,1,4,38.5931155962896,28.294736842105262,12722.0,127,211,665,valid,1.0,2,rep_ordinal_proxy,7.5,,,,,,emg,mendeley_emg_biceps_triceps
Suj_8,Suj_8_T2,Tricep,2,1,13.678689899878906,9.342622950819672,3989.0,107,209,610,valid,0.0,0,rep_ordinal_proxy,,,,,,,emg,mendeley_emg_biceps_triceps
Suj_8,Suj_8_T2,Tricep,2,2,12.716468844834907,8.477810650887575,4215.0,109,241,676,valid,0.3333333333333333,0,rep_ordinal_proxy,,,,,,,emg,mendeley_emg_biceps_triceps
Suj_8,Suj_8_T2,Tricep,2,3,14.816880722267408,10.373287671232877,5810.0,132,282,876,valid,0.6666666666666666,1,rep_ordinal_proxy,,,,,,,emg,mendeley_emg_biceps_triceps
Suj_8,Suj_8_T2,Tricep,2,4,15.018541132110352,9.878564857405705,7326.0,156,355,1087,valid,1.0,2,rep_ordinal_proxy,,,,,,,emg,mendeley_emg_biceps_triceps
Suj_9,Suj_9_T1,Tricep,1,1,14.232591705893437,10.290909090909091,5212.0,137,225,660,valid,0.0,0,rep_ordinal_proxy,5.0,,,,,,emg,mendeley_emg_biceps_triceps
Suj_9,Suj_9_T1,Tricep,1,2,14.760758788084033,10.738461538461538,4719.0,102,218,650,valid,0.3333333333333333,0,rep_ordinal_proxy,5.0,,,,,,emg,mendeley_emg_biceps_triceps
Suj_9,Suj_9_T1,Tricep,1,3,11.38638867660863,8.591743119266056,3899.0,104,214,654,valid,0.6666666666666666,1,rep_ordinal_proxy,5.0,,,,,,emg,mendeley_emg_biceps_triceps
Suj_9,Suj_9_T1,Tricep,1,4,11.563882253856837,8.572485207100591,4158.0,122,244,676,valid,1.0,2,rep_ordinal_proxy,5.0,,,,,,emg,mendeley_emg_biceps_triceps
Suj_9,Suj_9_T2,Tricep,2,1,13.205454199631177,8.984536082474227,4817.0,99,256,776,valid,0.0,0,rep_ordinal_proxy,,,,,,,emg,mendeley_emg_biceps_triceps
Suj_9,Suj_9_T2,Tricep,2,2,15.149044745495702,9.970360824742269,5460.0,118,248,776,valid,0.3333333333333333,0,rep_ordinal_proxy,,,,,,,emg,mendeley_emg_biceps_triceps
Suj_9,Suj_9_T2,Tricep,2,3,13.605192156533496,9.469623915139826,6763.0,166,353,1037,valid,0.6666666666666666,1,rep_ordinal_proxy,,,,,,,emg,mendeley_emg_biceps_triceps
Suj_9,Suj_9_T2,Tricep,2,4,16.0550831226761,11.143236074270558,8839.0,200,376,1131,valid,1.0,2,rep_ordinal_proxy,,,,,,,emg,mendeley_emg_biceps_triceps
Suj_10,Suj_10_T1,Tricep,1,1,18.29170719800242,13.610872675250357,6132.0,129,212,699,valid,0.0,0,rep_ordinal_proxy,5.0,,,,,,emg,mendeley_emg_biceps_triceps
Suj_10,Suj_10_T1,Tricep,1,2,17.567780368433258,13.317614424410541,6426.0,135,253,721,valid,0.3333333333333333,0,rep_ordinal_proxy,5.0,,,,,,emg,mendeley_emg_biceps_triceps
Suj_10,Suj_10_T1,Tricep,1,3,13.258408707678838,9.995620437956205,4851.0,131,268,685,valid,0.6666666666666666,1,rep_ordinal_proxy,5.0,,,,,,emg,mendeley_emg_biceps_triceps
Suj_10,Suj_10_T1,Tricep,1,4,14.594672462433484,10.787202380952381,4683.0,112,240,672,valid,1.0,2,rep_ordinal_proxy,5.0,,,,,,emg,mendeley_emg_biceps_triceps
Suj_10,Suj_10_T2,Tricep,2,1,0.20652160826654534,0.13719027466600284,82.51142643764004,130,305,855,valid,0.0,0,rep_ordinal_proxy,,,,,,,emg,mendeley_emg_biceps_triceps
Suj_10,Suj_10_T2,Tricep,2,2,0.2662668043948245,0.19381553398058252,127.53398058252426,178,305,1000,valid,0.3333333333333333,0,rep_ordinal_proxy,,,,,,,emg,mendeley_emg_biceps_triceps
Suj_10,Suj_10_T2,Tricep,2,3,0.22442025428247056,0.16175494654049402,92.7766990291262,153,251,790,valid,0.6666666666666666,1,rep_ordinal_proxy,,,,,,,emg,mendeley_emg_biceps_triceps
Suj_10,Suj_10_T2,Tricep,2,4,0.22865641125517014,0.16418776899209284,109.6019417475728,177,306,970,valid,1.0,2,rep_ordinal_proxy,,,,,,,emg,mendeley_emg_biceps_triceps
Suj_11,Suj_11_T1,Tricep,1,1,39.67019277594028,27.18909991742362,20633.0,199,378,1211,valid,0.0,0,rep_ordinal_proxy,10.0,,,,,,emg,mendeley_emg_biceps_triceps
Suj_11,Suj_11_T1,Tricep,1,2,34.575376387835824,21.908154506437768,16802.0,160,348,1165,valid,0.3333333333333333,0,rep_ordinal_proxy,10.0,,,,,,emg,mendeley_emg_biceps_triceps
Suj_11,Suj_11_T1,Tricep,1,3,37.882706897280784,26.917098445595855,16709.0,164,304,965,valid,0.6666666666666666,1,rep_ordinal_proxy,10.0,,,,,,emg,mendeley_emg_biceps_triceps
Suj_11,Suj_11_T1,Tricep,1,4,34.66468511451777,23.854679802955665,13165.0,135,247,812,valid,1.0,2,rep_ordinal_proxy,10.0,,,,,,emg,mendeley_emg_biceps_triceps
Suj_11,Suj_11_T2,Tricep,2,1,30.568948528730964,20.837116154873165,9893.0,120,232,749,valid,0.0,0,rep_ordinal_proxy,,,,,,,emg,mendeley_emg_biceps_triceps
Suj_11,Suj_11_T2,Tricep,2,2,21.81903610133677,14.771661569826707,9451.0,157,322,981,valid,0.3333333333333333,0,rep_ordinal_proxy,,,,,,,emg,mendeley_emg_biceps_triceps
Suj_11,Suj_11_T2,Tricep,2,3,27.26982086063259,17.41412213740458,12361.0,158,347,1048,valid,0.6666666666666666,1,rep_ordinal_proxy,,,,,,,emg,mendeley_emg_biceps_triceps
Suj_11,Suj_11_T2,Tricep,2,4,23.583225218046763,16.025830258302584,8442.0,132,256,813,valid,1.0,2,rep_ordinal_proxy,,,,,,,emg,mendeley_emg_biceps_triceps
Suj_12,Suj_12_T1,Tricep,1,1,37.288701470874074,23.79746835443038,15028.0,157,301,948,valid,0.0,0,rep_ordinal_proxy,7.5,,,,,,emg,mendeley_emg_biceps_triceps
Suj_12,Suj_12_T1,Tricep,1,2,27.53105773095081,17.470967741935485,10991.0,163,340,930,valid,0.3333333333333333,0,rep_ordinal_proxy,7.5,,,,,,emg,mendeley_emg_biceps_triceps
Suj_12,Suj_12_T1,Tricep,1,3,25.917794418324807,15.60548523206751,10231.0,146,351,948,valid,0.6666666666666666,1,rep_ordinal_proxy,7.5,,,,,,emg,mendeley_emg_biceps_triceps
Suj_12,Suj_12_T1,Tricep,1,4,31.053171094563734,19.235404896421844,13523.0,142,334,1062,valid,1.0,2,rep_ordinal_proxy,7.5,,,,,,emg,mendeley_emg_biceps_triceps
Suj_12,Suj_12_T2,Tricep,2,1,35.35115147508671,20.723463687150836,8735.0,94,253,716,valid,0.0,0,rep_ordinal_proxy,,,,,,,emg,mendeley_emg_biceps_triceps
Suj_12,Suj_12_T2,Tricep,2,2,29.991826953287166,18.885830784913352,12116.0,147,319,981,valid,0.3333333333333333,0,rep_ordinal_proxy,,,,,,,emg,mendeley_emg_biceps_triceps
Suj_12,Suj_12_T2,Tricep,2,3,34.13519501133015,20.83653846153846,11500.0,128,276,832,valid,0.6666666666666666,1,rep_ordinal_proxy,,,,,,,emg,mendeley_emg_biceps_triceps
Suj_12,Suj_12_T2,Tricep,2,4,28.8310405940213,17.952601156069363,10231.0,131,305,865,valid,1.0,2,rep_ordinal_proxy,,,,,,,emg,mendeley_emg_biceps_triceps
Suj_13,Suj_13_T1,Tricep,1,1,31.418640599665945,19.46985446985447,11994.0,132,307,962,valid,0.0,0,rep_ordinal_proxy,,,,,,,emg,mendeley_emg_biceps_triceps
Suj_13,Suj_13_T1,Tricep,1,2,31.95921692035652,20.29032258064516,12404.0,144,293,899,valid,0.3333333333333333,0,rep_ordinal_proxy,,,,,,,emg,mendeley_emg_biceps_triceps
Suj_13,Suj_13_T1,Tricep,1,3,24.13225247151444,14.918196994991654,11730.0,161,401,1198,valid,0.6666666666666666,1,rep_ordinal_proxy,,,,,,,emg,mendeley_emg_biceps_triceps
Suj_13,Suj_13_T1,Tricep,1,4,33.49242948865126,21.670320404721753,15669.0,180,327,1186,valid,1.0,2,rep_ordinal_proxy,,,,,,,emg,mendeley_emg_biceps_triceps
Suj_13,Suj_13_T2,Tricep,2,1,18.354660504399412,12.184549356223176,8930.0,165,407,1165,valid,0.0,0,rep_ordinal_proxy,,,,,,,emg,mendeley_emg_biceps_triceps
Suj_13,Suj_13_T2,Tricep,2,2,16.56942735120261,11.49871244635193,9671.0,197,408,1165,valid,0.3333333333333333,0,rep_ordinal_proxy,,,,,,,emg,mendeley_emg_biceps_triceps
Suj_13,Suj_13_T2,Tricep,2,3,13.620480010930427,8.938834951456311,6609.0,155,373,1030,valid,0.6666666666666666,1,rep_ordinal_proxy,,,,,,,emg,mendeley_emg_biceps_triceps
Suj_13,Suj_13_T2,Tricep,2,4,20.34889154068775,13.192964824120603,9368.0,171,325,995,valid,1.0,2,rep_ordinal_proxy,,,,,,,emg,mendeley_emg_biceps_triceps
Suj_14,Suj_14_T1,Tricep,1,1,16.54653370883998,10.903333333333334,6392.0,131,280,900,valid,0.0,0,rep_ordinal_proxy,10.0,,,,,,emg,mendeley_emg_biceps_triceps
Suj_14,Suj_14_T1,Tricep,1,2,13.915763494523851,9.47641073080481,7261.0,170,373,1081,valid,0.3333333333333333,0,rep_ordinal_proxy,10.0,,,,,,emg,mendeley_emg_biceps_triceps
Suj_14,Suj_14_T1,Tricep,1,3,13.360205161868327,9.35191256830601,5885.0,122,313,915,valid,0.6666666666666666,1,rep_ordinal_proxy,10.0,,,,,,emg,mendeley_emg_biceps_triceps
Suj_14,Suj_14_T1,Tricep,1,4,12.450407954273953,8.856540084388186,5903.0,153,340,948,valid,1.0,2,rep_ordinal_proxy,10.0,,,,,,emg,mendeley_emg_biceps_triceps
Suj_14,Suj_14_T2,Tricep,2,1,18.995198737665948,11.696329254727475,7053.0,125,293,899,valid,0.0,0,rep_ordinal_proxy,,,,,,,emg,mendeley_emg_biceps_triceps
Suj_14,Suj_14_T2,Tricep,2,2,20.28615185266164,13.072043010752688,8272.0,136,307,930,valid,0.3333333333333333,0,rep_ordinal_proxy,,,,,,,emg,mendeley_emg_biceps_triceps
Suj_14,Suj_14_T2,Tricep,2,3,20.259338990365176,12.730612244897959,8574.0,161,325,980,valid,0.6666666666666666,1,rep_ordinal_proxy,,,,,,,emg,mendeley_emg_biceps_triceps
Suj_14,Suj_14_T2,Tricep,2,4,25.804282590298843,16.129,10798.0,145,286,1000,valid,1.0,2,rep_ordinal_proxy,,,,,,,emg,mendeley_emg_biceps_triceps
Suj_15,Suj_15_T1,Tricep,1,1,0.16424932446669865,0.09323402119201706,62.63291139240506,83,231,933,valid,0.0,0,rep_ordinal_proxy,3.0,,,,,,emg,mendeley_emg_biceps_triceps
Suj_15,Suj_15_T1,Tricep,1,2,0.13032138283364106,0.08467701426562187,63.025316455696206,144,380,1008,valid,0.3333333333333333,0,rep_ordinal_proxy,3.0,,,,,,emg,mendeley_emg_biceps_triceps
Suj_15,Suj_15_T1,Tricep,1,3,0.1509596627586718,0.09669854755736719,72.29113924050634,146,351,1031,valid,0.6666666666666666,1,rep_ordinal_proxy,3.0,,,,,,emg,mendeley_emg_biceps_triceps
Suj_15,Suj_15_T1,Tricep,1,4,0.20273476944125937,0.12615876899910594,118.32911392405063,161,415,1345,valid,1.0,2,rep_ordinal_proxy,3.0,,,,,,emg,mendeley_emg_biceps_triceps
Suj_15,Suj_15_T2,Tricep,2,1,0.12928025310112487,0.08464851158748303,57.67005321722303,131,272,904,valid,0.0,0,rep_ordinal_proxy,,,,,,,emg,mendeley_emg_biceps_triceps
Suj_15,Suj_15_T2,Tricep,2,2,0.20319402732340708,0.13960017969451932,109.87735849056604,187,368,1176,valid,0.3333333333333333,0,rep_ordinal_proxy,,,,,,,emg,mendeley_emg_biceps_triceps
Suj_15,Suj_15_T2,Tricep,2,3,0.190432731922837,0.13431121554324194,100.19811320754718,200,349,1076,valid,0.6666666666666666,1,rep_ordinal_proxy,,,,,,,emg,mendeley_emg_biceps_triceps
Suj_15,Suj_15_T2,Tricep,2,4,0.19831106766786524,0.13827742837176799,109.13207547169812,184,368,1188,valid,1.0,2,rep_ordinal_proxy,,,,,,,emg,mendeley_emg_biceps_triceps
Suj_16,Suj_16_T1,Tricep,1,1,0.18051653675308132,0.12257146667852221,71.40963855421685,157,275,813,valid,0.0,0,rep_ordinal_proxy,10.0,,,,,,emg,mendeley_emg_biceps_triceps
Suj_16,Suj_16_T1,Tricep,1,2,0.18727934634516474,0.13005851155819448,71.33734939759037,141,271,836,valid,0.3333333333333333,0,rep_ordinal_proxy,10.0,,,,,,emg,mendeley_emg_biceps_triceps
Suj_16,Suj_16_T1,Tricep,1,3,0.21444864510678144,0.15065978198508317,105.09036144578315,179,325,1050,valid,0.6666666666666666,1,rep_ordinal_proxy,10.0,,,,,,emg,mendeley_emg_biceps_triceps
Suj_16,Suj_16_T1,Tricep,1,4,0.20552652919171235,0.14744930133758172,74.66867469879517,148,222,726,valid,1.0,2,rep_ordinal_proxy,10.0,,,,,,emg,mendeley_emg_biceps_triceps
Suj_16,Suj_16_T2,Tricep,2,1,0.14892231035646758,0.10193179365421973,43.804878048780495,116,204,678,valid,0.0,0,rep_ordinal_proxy,,,,,,,emg,mendeley_emg_biceps_triceps
Suj_16,Suj_16_T2,Tricep,2,2,0.18823184887577274,0.13057249322493225,94.1158536585366,172,337,1080,valid,0.3333333333333333,0,rep_ordinal_proxy,,,,,,,emg,mendeley_emg_biceps_triceps
Suj_16,Suj_16_T2,Tricep,2,3,0.2008963595587723,0.13635455735813046,99.08536585365854,191,357,1099,valid,0.6666666666666666,1,rep_ordinal_proxy,,,,,,,emg,mendeley_emg_biceps_triceps
Suj_16,Suj_16_T2,Tricep,2,4,0.20373381399239024,0.13969009774367405,98.72560975609757,189,345,1068,valid,1.0,2,rep_ordinal_proxy,,,,,,,emg,mendeley_emg_biceps_triceps
Suj_17,Suj_17_T1,Tricep,1,1,0.2062884038661595,0.137061931294344,90.93145468392993,147,307,950,valid,0.0,0,rep_ordinal_proxy,10.0,,,,,,emg,mendeley_emg_biceps_triceps
Suj_17,Suj_17_T1,Tricep,1,2,0.1981698580074168,0.1418008559097668,101.87128712871288,188,340,1092,valid,0.3333333333333333,0,rep_ordinal_proxy,10.0,,,,,,emg,mendeley_emg_biceps_triceps
Suj_17,Suj_17_T1,Tricep,1,3,0.21223576347630105,0.15348782324316432,90.52475247524754,160,249,881,valid,0.6666666666666666,1,rep_ordinal_proxy,10.0,,,,,,emg,mendeley_emg_biceps_triceps
Suj_17,Suj_17_T1,Tricep,1,4,0.21307967717971388,0.14873635014508163,88.35148514851487,153,284,894,valid,1.0,2,rep_ordinal_proxy,10.0,,,,,,emg,mendeley_emg_biceps_triceps
Suj_17,Suj_17_T2,Tricep,2,1,0.20593927413594465,0.13662973062160239,82.78327109783422,132,310,860,valid,0.0,0,rep_ordinal_proxy,,,,,,,emg,mendeley_emg_biceps_triceps
Suj_17,Suj_17_T2,Tricep,2,2,0.2656113918626156,0.19296720282084717,127.6893203883495,179,308,1005,valid,0.3333333333333333,0,rep_ordinal_proxy,,,,,,,emg,mendeley_emg_biceps_triceps
Suj_17,Suj_17_T2,Tricep,2,3,0.22676535036232187,0.16407766990291262,91.5631067961165,151,243,770,valid,0.6666666666666666,1,rep_ordinal_proxy,,,,,,,emg,mendeley_emg_biceps_triceps
Suj_17,Suj_17_T2,Tricep,2,4,0.22809881767471465,0.16353497635051029,109.79611650485435,178,307,975,valid,1.0,2,rep_ordinal_proxy,,,,,,,emg,mendeley_emg_biceps_triceps
Suj_18,Suj_18_T1,Tricep,1,1,0.21042870491655039,0.13694007923719975,68.46478873239437,114,257,743,valid,0.0,0,rep_ordinal_proxy,3.0,,,,,,emg,mendeley_emg_biceps_triceps
Suj_18,Suj_18_T1,Tricep,1,2,0.20944062490077267,0.14670058357025287,81.70731707317074,139,264,815,valid,0.3333333333333333,0,rep_ordinal_proxy,3.0,,,,,,emg,mendeley_emg_biceps_triceps
Suj_18,Suj_18_T1,Tricep,1,3,0.18185285245180338,0.12698813195028502,73.92682926829269,151,291,870,valid,0.6666666666666666,1,rep_ordinal_proxy,3.0,,,,,,emg,mendeley_emg_biceps_triceps
Suj_18,Suj_18_T1,Tricep,1,4,0.21992854842274734,0.15345737993462408,96.64227642276421,160,314,970,valid,1.0,2,rep_ordinal_proxy,3.0,,,,,,emg,mendeley_emg_biceps_triceps
Suj_18,Suj_18_T2,Tricep,2,1,13.31787198788584,9.500571428571428,5797.0,147,301,875,valid,0.0,0,rep_ordinal_proxy,,,,,,,emg,mendeley_emg_biceps_triceps
Suj_18,Suj_18_T2,Tricep,2,2,14.840928099453446,11.165034965034964,5464.0,113,219,715,valid,0.3333333333333333,0,rep_ordinal_proxy,,,,,,,emg,mendeley_emg_biceps_triceps
Suj_18,Suj_18_T2,Tricep,2,3,17.39203398834042,11.888182973316392,6306.0,148,240,787,valid,0.6666666666666666,1,rep_ordinal_proxy,,,,,,,emg,mendeley_emg_biceps_triceps
Suj_18,Suj_18_T2,Tricep,2,4,23.10131598959155,15.546786922209696,9688.0,158,279,887,valid,1.0,2,rep_ordinal_proxy,,,,,,,emg,mendeley_emg_biceps_triceps
Suj_19,Suj_19_T1,Tricep,1,1,31.878915956845546,20.45444059976932,11953.0,139,298,867,valid,0.0,0,rep_ordinal_proxy,4.0,,,,,,emg,mendeley_emg_biceps_triceps
Suj_19,Suj_19_T1,Tricep,1,2,34.5992694576722,22.784562211981566,12844.0,129,279,868,valid,0.3333333333333333,0,rep_ordinal_proxy,4.0,,,,,,emg,mendeley_emg_biceps_triceps
Suj_19,Suj_19_T1,Tricep,1,3,37.3837257110387,25.525980911983034,16064.0,167,276,943,valid,0.6666666666666666,1,rep_ordinal_proxy,4.0,,,,,,emg,mendeley_emg_biceps_triceps
Suj_19,Suj_19_T1,Tricep,1,4,32.275057473486626,22.73396674584323,12864.0,159,277,842,valid,1.0,2,rep_ordinal_proxy,4.0,,,,,,emg,mendeley_emg_biceps_triceps
Suj_19,Suj_19_T2,Tricep,2,1,0.13705084518379454,0.09429065743944638,38.571895424836605,111,179,680,valid,0.0,0,rep_ordinal_proxy,,,,,,,emg,mendeley_emg_biceps_triceps
Suj_19,Suj_19_T2,Tricep,2,2,0.17298369043526812,0.11692044858435058,75.49019607843138,180,284,922,valid,0.3333333333333333,0,rep_ordinal_proxy,,,,,,,emg,mendeley_emg_biceps_triceps
Suj_19,Suj_19_T2,Tricep,2,3,0.1513714223070321,0.10468455164492575,67.73856209150327,176,293,956,valid,0.6666666666666666,1,rep_ordinal_proxy,,,,,,,emg,mendeley_emg_biceps_triceps
Suj_19,Suj_19_T2,Tricep,2,4,0.1742230741521717,0.12180296020348896,87.24509803921569,196,328,979,valid,1.0,2,rep_ordinal_proxy,,,,,,,emg,mendeley_emg_biceps_triceps
Suj_20,Suj_20_T1,Tricep,1,1,0.16795905353958027,0.11245139405973359,60.898734177215196,106,266,765,valid,0.0,0,rep_ordinal_proxy,12.5,,,,,,emg,mendeley_emg_biceps_triceps
Suj_20,Suj_20_T1,Tricep,1,2,0.19464418508337283,0.12591769547325105,78.97777777777779,153,309,900,valid,0.3333333333333333,0,rep_ordinal_proxy,12.5,,,,,,emg,mendeley_emg_biceps_triceps
Suj_20,Suj_20_T1,Tricep,1,3,0.22398985094121943,0.141458089668616,87.68888888888888,141,301,950,valid,0.6666666666666666,1,rep_ordinal_proxy,12.5,,,,,,emg,mendeley_emg_biceps_triceps
Suj_20,Suj_20_T1,Tricep,1,4,0.20546436167878668,0.14138220694921727,95.39259259259259,177,331,970,valid,1.0,2,rep_ordinal_proxy,12.5,,,,,,emg,mendeley_emg_biceps_triceps
Suj_20,Suj_20_T2,Tricep,2,1,23.19431679013087,15.403550295857988,9445.0,163,270,845,valid,0.0,0,rep_ordinal_proxy,,,,,,,emg,mendeley_emg_biceps_triceps
Suj_20,Suj_20_T2,Tricep,2,2,16.631649488426646,11.59529411764706,6803.0,142,281,850,valid,0.3333333333333333,0,rep_ordinal_proxy,,,,,,,emg,mendeley_emg_biceps_triceps
Suj_20,Suj_20_T2,Tricep,2,3,26.628224742576744,18.37764705882353,11029.0,159,270,850,valid,0.6666666666666666,1,rep_ordinal_proxy,,,,,,,emg,mendeley_emg_biceps_triceps
Suj_20,Suj_20_T2,Tricep,2,4,26.793016877997474,20.18082191780822,9208.0,128,223,730,valid,1.0,2,rep_ordinal_proxy,,,,,,,emg,mendeley_emg_biceps_triceps
Suj_21,Suj_21_T1,Tricep,1,1,0.19159128217669058,0.1168848579136393,71.56914212548014,112,265,851,valid,0.0,0,rep_ordinal_proxy,10.0,,,,,,emg,mendeley_emg_biceps_triceps
Suj_21,Suj_21_T1,Tricep,1,2,0.2340786165217404,0.16439625613937542,111.66363636363636,179,330,981,valid,0.3333333333333333,0,rep_ordinal_proxy,10.0,,,,,,emg,mendeley_emg_biceps_triceps
Suj_21,Suj_21_T1,Tricep,1,3,0.2359150049593719,0.1614285714285714,109.18181818181817,173,296,910,valid,0.6666666666666666,1,rep_ordinal_proxy,10.0,,,,,,emg,mendeley_emg_biceps_triceps
Suj_21,Suj_21_T1,Tricep,1,4,0.24699949001513996,0.1803457775244609,115.41818181818182,168,305,957,valid,1.0,2,rep_ordinal_proxy,10.0,,,,,,emg,mendeley_emg_biceps_triceps
Suj_21,Suj_21_T2,Tricep,2,1,24.70142662790109,18.47612732095491,9845.0,162,260,754,valid,0.0,0,rep_ordinal_proxy,,,,,,,emg,mendeley_emg_biceps_triceps
Suj_21,Suj_21_T2,Tricep,2,2,21.966860948772208,16.073065902578797,8056.0,152,244,698,valid,0.3333333333333333,0,rep_ordinal_proxy,,,,,,,emg,mendeley_emg_biceps_triceps
Suj_21,Suj_21_T2,Tricep,2,3,28.61857493045781,20.32420091324201,12796.0,177,310,876,valid,0.6666666666666666,1,rep_ordinal_proxy,,,,,,,emg,mendeley_emg_biceps_triceps
Suj_21,Suj_21_T2,Tricep,2,4,23.31507710716009,16.522051282051283,12612.0,234,368,975,valid,1.0,2,rep_ordinal_proxy,,,,,,,emg,mendeley_emg_biceps_triceps
Suj_22,Suj_22_T1,Tricep,1,1,8.921012047887237,5.82279792746114,4275.0,120,335,965,valid,0.0,0,rep_ordinal_proxy,10.0,,,,,,emg,mendeley_emg_biceps_triceps
Suj_22,Suj_22_T1,Tricep,1,2,12.130053678660742,8.713483146067416,5165.0,129,341,890,valid,0.3333333333333333,0,rep_ordinal_proxy,10.0,,,,,,emg,mendeley_emg_biceps_triceps
Suj_22,Suj_22_T1,Tricep,1,3,11.933824266183981,8.183838383838383,5833.0,156,340,990,valid,0.6666666666666666,1,rep_ordinal_proxy,10.0,,,,,,emg,mendeley_emg_biceps_triceps
Suj_22,Suj_22_T1,Tricep,1,4,10.726564106581277,7.576730190571715,5404.0,155,364,997,valid,1.0,2,rep_ordinal_proxy,10.0,,,,,,emg,mendeley_emg_biceps_triceps
Suj_22,Suj_22_T2,Tricep,2,1,12.295620561026782,8.124518613607188,4408.0,98,273,779,valid,0.0,0,rep_ordinal_proxy,,,,,,,emg,mendeley_emg_biceps_triceps
Suj_22,Suj_22_T2,Tricep,2,2,12.856101945424575,8.705809641532756,4708.0,127,266,809,valid,0.3333333333333333,0,rep_ordinal_proxy,,,,,,,emg,mendeley_emg_biceps_triceps
Suj_22,Suj_22_T2,Tricep,2,3,11.04493541360013,7.552991452991453,5880.0,155,380,1170,valid,0.6666666666666666,1,rep_ordinal_proxy,,,,,,,emg,mendeley_emg_biceps_triceps
Suj_22,Suj_22_T2,Tricep,2,4,11.398092158531133,7.807766990291262,5279.0,144,356,1030,valid,1.0,2,rep_ordinal_proxy,,,,,,,emg,mendeley_emg_biceps_triceps
Suj_23,Suj_23_T1,Tricep,1,1,0.20565433242232325,0.13224990971469844,69.19718309859155,116,265,780,valid,0.0,0,rep_ordinal_proxy,12.5,,,,,,emg,mendeley_emg_biceps_triceps
Suj_23,Suj_23_T1,Tricep,1,2,0.1838977624442386,0.12009874183787227,73.94927536231884,166,300,910,valid,0.3333333333333333,0,rep_ordinal_proxy,12.5,,,,,,emg,mendeley_emg_biceps_triceps
Suj_23,Suj_23_T1,Tricep,1,3,0.17684232546485062,0.11774107172741574,70.83333333333334,146,300,866,valid,0.6666666666666666,1,rep_ordinal_proxy,12.5,,,,,,emg,mendeley_emg_biceps_triceps
Suj_23,Suj_23_T1,Tricep,1,4,0.21652558950340245,0.14931083409344278,109.97101449275362,189,374,1144,valid,1.0,2,rep_ordinal_proxy,12.5,,,,,,emg,mendeley_emg_biceps_triceps
Suj_23,Suj_23_T2,Tricep,2,1,0.2043775399452657,0.1319966430708604,68.46478873239437,105,228,772,valid,0.0,0,rep_ordinal_proxy,,,,,,,emg,mendeley_emg_biceps_triceps
Suj_23,Suj_23_T2,Tricep,2,2,0.19575858676279598,0.14146622497479475,76.52671755725191,147,261,795,valid,0.3333333333333333,0,rep_ordinal_proxy,,,,,,,emg,mendeley_emg_biceps_triceps
Suj_23,Suj_23_T2,Tricep,2,3,0.2233291385974883,0.16477248496737604,82.12977099236642,149,231,716,valid,0.6666666666666666,1,rep_ordinal_proxy,,,,,,,emg,mendeley_emg_biceps_triceps
Suj_23,Suj_23_T2,Tricep,2,4,0.22221919374600851,0.1641266974928635,98.06106870229007,161,267,837,valid,1.0,2,rep_ordinal_proxy,,,,,,,emg,mendeley_emg_biceps_triceps
Suj_24,Suj_24_T1,Tricep,1,1,0.16385298556384212,0.11460242979775936,60.65320820602357,115,259,760,valid,0.0,0,rep_ordinal_proxy,9.0,,,,,,emg,mendeley_emg_biceps_triceps
Suj_24,Suj_24_T1,Tricep,1,2,0.14145568557338253,0.1009911710811261,51.241379310344826,135,275,828,valid,0.3333333333333333,0,rep_ordinal_proxy,9.0,,,,,,emg,mendeley_emg_biceps_triceps
Suj_24,Suj_24_T1,Tricep,1,3,0.16987055260505826,0.11987217598097502,74.08620689655173,164,312,928,valid,0.6666666666666666,1,rep_ordinal_proxy,9.0,,,,,,emg,mendeley_emg_biceps_triceps
Suj_24,Suj_24_T1,Tricep,1,4,0.1787950314291182,0.1237775706741224,79.47126436781609,168,280,925,valid,1.0,2,rep_ordinal_proxy,9.0,,,,,,emg,mendeley_emg_biceps_triceps
Suj_24,Suj_24_T2,Tricep,2,1,26.981689359520125,16.695953757225432,10143.0,138,247,865,valid,0.0,0,rep_ordinal_proxy,,,,,,,emg,mendeley_emg_biceps_triceps
Suj_24,Suj_24_T2,Tricep,2,2,26.705070385859788,16.337254901960783,11581.0,171,322,1020,valid,0.3333333333333333,0,rep_ordinal_proxy,,,,,,,emg,mendeley_emg_biceps_triceps
Suj_24,Suj_24_T2,Tricep,2,3,28.7030776514761,19.57837837837838,14412.0,178,302,1110,valid,0.6666666666666666,1,rep_ordinal_proxy,,,,,,,emg,mendeley_emg_biceps_triceps
Suj_24,Suj_24_T2,Tricep,2,4,37.81233158147947,24.232656514382402,17457.0,175,326,1182,valid,1.0,2,rep_ordinal_proxy,,,,,,,emg,mendeley_emg_biceps_triceps
Suj_25,Suj_25_T1,Tricep,1,1,0.17037819477564214,0.10822720342452287,61.053611317944906,113,262,770,valid,0.0,0,rep_ordinal_proxy,12.5,,,,,,emg,mendeley_emg_biceps_triceps
Suj_25,Suj_25_T1,Tricep,1,2,0.15843303891552435,0.10897360932444548,79.55882352941177,193,348,1006,valid,0.3333333333333333,0,rep_ordinal_proxy,12.5,,,,,,emg,mendeley_emg_biceps_triceps
Suj_25,Suj_25_T1,Tricep,1,3,0.19655172872453983,0.13682444968903534,123.61764705882354,233,432,1321,valid,0.6666666666666666,1,rep_ordinal_proxy,12.5,,,,,,emg,mendeley_emg_biceps_triceps
Suj_25,Suj_25_T1,Tricep,1,4,0.20194880787227906,0.1458757416009882,105.84313725490196,179,374,1127,valid,1.0,2,rep_ordinal_proxy,12.5,,,,,,emg,mendeley_emg_biceps_triceps
Suj_25,Suj_25_T2,Tricep,2,1,27.33015603498219,18.16609783845279,10787.0,132,291,879,valid,0.0,0,rep_ordinal_proxy,,,,,,,emg,mendeley_emg_biceps_triceps
Suj_25,Suj_25_T2,Tricep,2,2,28.538300849640915,18.81923076923077,9766.0,127,253,780,valid,0.3333333333333333,0,rep_ordinal_proxy,,,,,,,emg,mendeley_emg_biceps_triceps
Suj_25,Suj_25_T2,Tricep,2,3,27.104264912935534,18.350980392156863,12536.0,166,335,1020,valid,0.6666666666666666,1,rep_ordinal_proxy,,,,,,,emg,mendeley_emg_biceps_triceps
Suj_25,Suj_25_T2,Tricep,2,4,27.516778098517946,19.15080971659919,13367.0,176,334,988,valid,1.0,2,rep_ordinal_proxy,,,,,,,emg,mendeley_emg_biceps_triceps
Suj_26,Suj_26_T1,Tricep,1,1,0.16627157138101997,0.11420279399226076,60.36708860759494,114,301,772,valid,0.0,0,rep_ordinal_proxy,10.0,,,,,,emg,mendeley_emg_biceps_triceps
Suj_26,Suj_26_T1,Tricep,1,2,0.1575799155250577,0.09553480753480754,60.5030303030303,139,290,925,valid,0.3333333333333333,0,rep_ordinal_proxy,10.0,,,,,,emg,mendeley_emg_biceps_triceps
Suj_26,Suj_26_T1,Tricep,1,3,0.15753270254427937,0.10409800128949065,82.20606060606062,204,347,1175,valid,0.6666666666666666,1,rep_ordinal_proxy,10.0,,,,,,emg,mendeley_emg_biceps_triceps
Suj_26,Suj_26_T1,Tricep,1,4,0.19030285451050188,0.12659119071758476,90.87272727272727,186,331,1076,valid,1.0,2,rep_ordinal_proxy,10.0,,,,,,emg,mendeley_emg_biceps_triceps
Suj_26,Suj_26_T2,Tricep,2,1,0.157343109892647,0.104865547466944,70.91732283464567,182,308,1060,valid,0.0,0,rep_ordinal_proxy,,,,,,,emg,mendeley_emg_biceps_triceps
Suj_26,Suj_26_T2,Tricep,2,2,0.1543106796656208,0.10609078276980084,68.55905511811024,179,299,1020,valid,0.3333333333333333,0,rep_ordinal_proxy,,,,,,,emg,mendeley_emg_biceps_triceps
Suj_26,Suj_26_T2,Tricep,2,3,0.17125515554141352,0.12029902512185975,65.47637795275591,139,245,840,valid,0.6666666666666666,1,rep_ordinal_proxy,,,,,,,emg,mendeley_emg_biceps_triceps
Suj_26,Suj_26_T2,Tricep,2,4,0.1538647234717987,0.1103955213690774,61.338582677165356,162,268,865,valid,1.0,2,rep_ordinal_proxy,,,,,,,emg,mendeley_emg_biceps_triceps
Suj_27,Suj_27_T1,Tricep,1,1,0.16949614453216794,0.1141097046413502,60.55696202531645,104,263,750,valid,0.0,0,rep_ordinal_proxy,4.0,,,,,,emg,mendeley_emg_biceps_triceps
Suj_27,Suj_27_T1,Tricep,1,2,0.19679562943713155,0.12826599326599328,78.77777777777777,153,305,880,valid,0.3333333333333333,0,rep_ordinal_proxy,4.0,,,,,,emg,mendeley_emg_biceps_triceps
Suj_27,Suj_27_T1,Tricep,1,3,0.22754875044340128,0.1452415458937198,87.15555555555555,136,288,920,valid,0.6666666666666666,1,rep_ordinal_proxy,4.0,,,,,,emg,mendeley_emg_biceps_triceps
Suj_27,Suj_27_T1,Tricep,1,4,0.20700159751463126,0.14299011052937755,95.22222222222223,177,325,955,valid,1.0,2,rep_ordinal_proxy,4.0,,,,,,emg,mendeley_emg_biceps_triceps
Suj_27,Suj_27_T2,Tricep,2,1,0.20501422490999935,0.1315184815184815,67.6025641025641,125,233,770,valid,0.0,0,rep_ordinal_proxy,,,,,,,emg,mendeley_emg_biceps_triceps
Suj_27,Suj_27_T2,Tricep,2,2,0.2561359731875878,0.18464381720430106,115.625,166,291,930,valid,0.3333333333333333,0,rep_ordinal_proxy,,,,,,,emg,mendeley_emg_biceps_triceps
Suj_27,Suj_27_T2,Tricep,2,3,0.20556802558040402,0.14157051282051283,91.8375,162,308,975,valid,0.6666666666666666,1,rep_ordinal_proxy,,,,,,,emg,mendeley_emg_biceps_triceps
Suj_27,Suj_27_T2,Tricep,2,4,0.1771777661448021,0.12135362694300517,76.44375,150,308,965,valid,1.0,2,rep_ordinal_proxy,,,,,,,emg,mendeley_emg_biceps_triceps
Suj_28,Suj_28_T1,Tricep,1,1,0.17905573474605269,0.12460571343550067,58.856934731934736,119,250,705,valid,0.0,0,rep_ordinal_proxy,8.0,,,,,,emg,mendeley_emg_biceps_triceps
Suj_28,Suj_28_T1,Tricep,1,2,0.16003316471563012,0.10368902323105583,59.29545454545454,160,245,797,valid,0.3333333333333333,0,rep_ordinal_proxy,8.0,,,,,,emg,mendeley_emg_biceps_triceps
Suj_28,Suj_28_T1,Tricep,1,3,0.15412269904813006,0.10397779256425184,77.81439393939394,203,321,1093,valid,0.6666666666666666,1,rep_ordinal_proxy,8.0,,,,,,emg,mendeley_emg_biceps_triceps
Suj_28,Suj_28_T1,Tricep,1,4,0.16238658046111606,0.11187296695771272,68.45075757575758,163,265,885,valid,1.0,2,rep_ordinal_proxy,8.0,,,,,,emg,mendeley_emg_biceps_triceps
Suj_28,Suj_28_T2,Tricep,2,1,0.18513808367852577,0.12773489278752437,82.6,166,273,950,valid,0.0,0,rep_ordinal_proxy,,,,,,,emg,mendeley_emg_biceps_triceps
Suj_28,Suj_28_T2,Tricep,2,2,0.185769053110238,0.13115740740740742,99.24444444444444,202,336,1120,valid,0.3333333333333333,0,rep_ordinal_proxy,,,,,,,emg,mendeley_emg_biceps_triceps
Suj_28,Suj_28_T2,Tricep,2,3,0.1664546982399271,0.12176802924559654,88.2962962962963,192,352,1003,valid,0.6666666666666666,1,rep_ordinal_proxy,,,,,,,emg,mendeley_emg_biceps_triceps
Suj_28,Suj_28_T2,Tricep,2,4,0.18639116114722612,0.13363246349431257,87.1925925925926,179,304,941,valid,1.0,2,rep_ordinal_proxy,,,,,,,emg,mendeley_emg_biceps_triceps
Suj_29,Suj_29_T1,Tricep,1,1,0.14613243718792385,0.10126594345198375,55.0,135,265,826,valid,0.0,0,rep_ordinal_proxy,10.0,,,,,,emg,mendeley_emg_biceps_triceps
Suj_29,Suj_29_T1,Tricep,1,2,0.16990888489608116,0.11804101410400623,69.18110236220473,132,310,910,valid,0.3333333333333333,0,rep_ordinal_proxy,10.0,,,,,,emg,mendeley_emg_biceps_triceps
Suj_29,Suj_29_T1,Tricep,1,3,0.18635074334649615,0.1354895742198892,78.68503937007874,156,285,864,valid,0.6666666666666666,1,rep_ordinal_proxy,10.0,,,,,,emg,mendeley_emg_biceps_triceps
Suj_29,Suj_29_T1,Tricep,1,4,0.17739298844179102,0.12065771190365912,72.5984251968504,147,290,850,valid,1.0,2,rep_ordinal_proxy,10.0,,,,,,emg,mendeley_emg_biceps_triceps
Suj_29,Suj_29_T2,Tricep,2,1,0.10931987798643181,0.07343285257309612,42.262135922330096,145,254,865,valid,0.0,0,rep_ordinal_proxy,,,,,,,emg,mendeley_emg_biceps_triceps
Suj_29,Suj_29_T2,Tricep,2,2,0.11269124199149909,0.07366355363724326,46.99999999999999,161,280,893,valid,0.3333333333333333,0,rep_ordinal_proxy,,,,,,,emg,mendeley_emg_biceps_triceps
Suj_29,Suj_29_T2,Tricep,2,3,0.1458829209237437,0.08813564705508677,55.66990291262135,160,280,917,valid,0.6666666666666666,1,rep_ordinal_proxy,,,,,,,emg,mendeley_emg_biceps_triceps
Suj_29,Suj_29_T2,Tricep,2,4,0.12255291885868434,0.08078796158218013,51.83980582524271,169,308,931,valid,1.0,2,rep_ordinal_proxy,,,,,,,emg,mendeley_emg_biceps_triceps
Suj_30,Suj_30_T1,Tricep,1,1,0.2080109369201643,0.1468735205215048,71.33333333333331,117,223,678,valid,0.0,0,rep_ordinal_proxy,11.5,,,,,,emg,mendeley_emg_biceps_triceps
Suj_30,Suj_30_T1,Tricep,1,2,0.20785014841101881,0.1541820987654321,83.51851851851852,142,248,800,valid,0.3333333333333333,0,rep_ordinal_proxy,11.5,,,,,,emg,mendeley_emg_biceps_triceps
Suj_30,Suj_30_T1,Tricep,1,3,0.20175007066272446,0.1395634044640667,70.61728395061729,130,266,755,valid,0.6666666666666666,1,rep_ordinal_proxy,11.5,,,,,,emg,mendeley_emg_biceps_triceps
Suj_30,Suj_30_T1,Tricep,1,4,0.24637609833829657,0.16903402805433868,97.25925925925927,141,266,837,valid,1.0,2,rep_ordinal_proxy,11.5,,,,,,emg,mendeley_emg_biceps_triceps
Suj_30,Suj_30_T2,Tricep,2,1,0.1350704076197186,0.09515048495150484,49.32846715328468,142,248,730,valid,0.0,0,rep_ordinal_proxy,,,,,,,emg,mendeley_emg_biceps_triceps
Suj_30,Suj_30_T2,Tricep,2,2,0.17502557704391228,0.12952391328031376,59.839416058394164,126,212,670,valid,0.3333333333333333,0,rep_ordinal_proxy,,,,,,,emg,mendeley_emg_biceps_triceps
Suj_30,Suj_30_T2,Tricep,2,3,0.16959834772913773,0.12095377128953771,62.09489051094891,151,250,750,valid,0.6666666666666666,1,rep_ordinal_proxy,,,,,,,emg,mendeley_emg_biceps_triceps
Suj_30,Suj_30_T2,Tricep,2,4,0.23009979510273038,0.16195502071414478,85.16058394160584,146,229,740,valid,1.0,2,rep_ordinal_proxy,,,,,,,emg,mendeley_emg_biceps_triceps
